{"pitr_images0.JPG86243": {"fileref": "", "size": 86243, "filename": "pitr_images0.JPG", "base64_img_data": "", "file_attributes": {}, "regions": {"0": {"shape_attributes": {"name": "polygon", "all_points_x": [105, 102, 99, 88, 85, 88, 97, 95, 103, 100, 98, 98, 120, 119, 126, 122, 120, 124, 105], "all_points_y": [74, 86, 90, 98, 107, 115, 114, 128, 131, 138, 145, 148, 147, 130, 129, 109, 101, 92, 74]}, "region_attributes": {"person": "person"}}}}, "pitr_images1.JPG71696": {"fileref": "", "size": 71696, "filename": "pitr_images1.JPG", "base64_img_data": "", "file_attributes": {}, "regions": {"0": {"shape_attributes": {"name": "polygon", "all_points_x": [86, 76, 59, 57, 68, 69, 64, 63, 126, 118, 132, 126, 131, 118, 109, 107, 86], "all_points_y": [55, 81, 103, 123, 129, 141, 160, 170, 169, 141, 134, 117, 103, 83, 74, 65, 55]}, "region_attributes": {"person": "person"}}}}, "pitr_images2.JPG24126": {"fileref": "", "size": 24126, "filename": "pitr_images2.JPG", "base64_img_data": "", "file_attributes": {}, "regions": {"0": {"shape_attributes": {"name": "polygon", "all_points_x": [83, 65, 59, 58, 60, 61, 53, 35, 33, 23, 21, 23, 33, 47, 30, 29, 45, 42, 32, 31, 34, 53, 59, 69, 65, 65, 68, 88, 90, 86, 80, 83, 101, 95, 90, 117, 123, 123, 114, 108, 86, 79, 88, 92, 83], "all_points_y": [49, 51, 63, 68, 77, 79, 81, 83, 77, 83, 95, 100, 98, 99, 135, 138, 140, 149, 148, 158, 163, 161, 138, 138, 155, 158, 160, 156, 151, 144, 144, 137, 136, 120, 95, 92, 86, 76, 73, 77, 82, 80, 68, 60, 49]}, "region_attributes": {"person": "person"}}}}, "pitr_images3.JPG53336": {"fileref": "", "size": 53336, "filename": "pitr_images3.JPG", "base64_img_data": "", "file_attributes": {}, "regions": {}}, "pitr_images4.JPG19153": {"fileref": "", "size": 19153, "filename": "pitr_images4.JPG", "base64_img_data": "", "file_attributes": {}, "regions": {"0": {"shape_attributes": {"name": "polygon", "all_points_x": [80, 71, 53, 49, 48, 53, 51, 54, 53, 28, 22, 9, 1, 0, 14, 55, 55, 98, 96, 88, 87, 82, 83, 87, 80], "all_points_y": [113, 108, 113, 123, 131, 135, 145, 150, 153, 146, 133, 129, 134, 147, 163, 177, 189, 189, 156, 148, 140, 136, 131, 130, 113]}, "region_attributes": {"person": "person"}}}}, "pitr_images5.JPG28560": {"fileref": "", "size": 28560, "filename": "pitr_images5.JPG", "base64_img_data": "", "file_attributes": {}, "regions": {}}, "pitr_images6.JPG31748": {"fileref": "", "size": 31748, "filename": "pitr_images6.JPG", "base64_img_data": "", "file_attributes": {}, "regions": {}}, "pitr_images7.JPG11231": {"fileref": "", "size": 11231, "filename": "pitr_images7.JPG", "base64_img_data": "", "file_attributes": {}, "regions": {"0": {"shape_attributes": {"name": "polygon", "all_points_x": [61, 63, 54, 44, 43, 36, 38, 41, 35, 32, 66, 67, 66, 69, 61], "all_points_y": [64, 54, 48, 53, 63, 74, 85, 90, 106, 115, 114, 96, 88, 78, 64]}, "region_attributes": {"person": "person"}}}}, "pitr_images8.JPG24382": {"fileref": "", "size": 24382, "filename": "pitr_images8.JPG", "base64_img_data": "", "file_attributes": {}, "regions": {}}, "pitr_images9.JPG43988": {"fileref": "", "size": 43988, "filename": "pitr_images9.JPG", "base64_img_data": "", "file_attributes": {}, "regions": {"0": {"shape_attributes": {"name": "polygon", "all_points_x": [54, 63, 78, 82, 86, 85, 81, 79, 81, 85, 81, 51, 51, 54, 56, 50, 48, 49, 53, 60, 54], "all_points_y": [84, 79, 79, 88, 117, 123, 127, 127, 141, 148, 152, 153, 144, 140, 127, 123, 113, 99, 93, 88, 84]}, "region_attributes": {"person": "person"}}}}, "pitr_images10.JPG14096": {"fileref": "", "size": 14096, "filename": "pitr_images10.JPG", "base64_img_data": "", "file_attributes": {}, "regions": {"0": {"shape_attributes": {"name": "polygon", "all_points_x": [23, 39, 44, 45, 39, 48, 54, 56, 46, 47, 49, 44, 33, 18, 20, 23, 19, 11, 8, 15, 22, 17, 23], "all_points_y": [98, 98, 105, 113, 119, 122, 134, 148, 150, 158, 171, 177, 181, 178, 165, 158, 146, 146, 135, 126, 119, 108, 98]}, "region_attributes": {"person": "person"}}}}, "pitr_images11.JPG20106": {"fileref": "", "size": 20106, "filename": "pitr_images11.JPG", "base64_img_data": "", "file_attributes": {}, "regions": {"0": {"shape_attributes": {"name": "polygon", "all_points_x": [78, 69, 62, 65, 71, 69, 68, 69, 79, 91, 92, 84, 91, 85, 78], "all_points_y": [132, 132, 136, 145, 150, 163, 176, 180, 181, 181, 176, 156, 153, 136, 132]}, "region_attributes": {"person": "person"}}}}, "pitr_images12.JPG38350": {"fileref": "", "size": 38350, "filename": "pitr_images12.JPG", "base64_img_data": "", "file_attributes": {}, "regions": {"0": {"shape_attributes": {"name": "polygon", "all_points_x": [186, 180, 174, 167, 166, 164, 154, 156, 152, 141, 134, 133, 136, 130, 122, 119, 113, 103, 95, 94, 105, 107, 123, 124, 129, 130, 130, 130, 127, 138, 147, 153, 164, 159, 161, 166, 166, 181, 183, 183, 191, 186], "all_points_y": [35, 34, 33, 39, 52, 61, 64, 54, 43, 43, 48, 57, 65, 65, 61, 48, 42, 39, 39, 50, 55, 70, 82, 105, 109, 145, 149, 151, 156, 159, 154, 160, 156, 150, 106, 105, 80, 71, 54, 50, 43, 35]}, "region_attributes": {"person": "person"}}}}, "pitr_images13.JPG45599": {"fileref": "", "size": 45599, "filename": "pitr_images13.JPG", "base64_img_data": "", "file_attributes": {}, "regions": {"0": {"shape_attributes": {"name": "polygon", "all_points_x": [90, 79, 78, 71, 70, 75, 79, 77, 100, 95, 108, 102, 95, 90], "all_points_y": [86, 87, 97, 102, 112, 130, 144, 149, 151, 140, 106, 99, 99, 86]}, "region_attributes": {"person": "person"}}}}, "pitr_images14.JPG25787": {"fileref": "", "size": 25787, "filename": "pitr_images14.JPG", "base64_img_data": "", "file_attributes": {}, "regions": {}}, "pitr_images15.JPG26016": {"fileref": "", "size": 26016, "filename": "pitr_images15.JPG", "base64_img_data": "", "file_attributes": {}, "regions": {}}, "pitr_images16.JPG76161": {"fileref": "", "size": 76161, "filename": "pitr_images16.JPG", "base64_img_data": "", "file_attributes": {}, "regions": {}}, "pitr_images17.JPG26257": {"fileref": "", "size": 26257, "filename": "pitr_images17.JPG", "base64_img_data": "", "file_attributes": {}, "regions": {}}, "pitr_images18.JPG28941": {"fileref": "", "size": 28941, "filename": "pitr_images18.JPG", "base64_img_data": "", "file_attributes": {}, "regions": {}}, "pitr_images19.JPG21364": {"fileref": "", "size": 21364, "filename": "pitr_images19.JPG", "base64_img_data": "", "file_attributes": {}, "regions": {}}, "pitr_images20.JPG17860": {"fileref": "", "size": 17860, "filename": "pitr_images20.JPG", "base64_img_data": "", "file_attributes": {}, "regions": {"0": {"shape_attributes": {"name": "polygon", "all_points_x": [55, 48, 49, 40, 38, 41, 44, 37, 37, 39, 37, 37, 80, 79, 69, 73, 72, 80, 70, 73, 55], "all_points_y": [54, 62, 71, 81, 86, 93, 102, 120, 128, 130, 153, 161, 154, 139, 135, 125, 96, 90, 71, 66, 54]}, "region_attributes": {"person": "person"}}}}, "pitr_images21.JPG34039": {"fileref": "", "size": 34039, "filename": "pitr_images21.JPG", "base64_img_data": "", "file_attributes": {}, "regions": {}}, "pitr_images22.JPG62109": {"fileref": "", "size": 62109, "filename": "pitr_images22.JPG", "base64_img_data": "", "file_attributes": {}, "regions": {"0": {"shape_attributes": {"name": "polygon", "all_points_x": [70, 51, 47, 58, 51, 49, 65, 65, 63, 64, 119, 133, 123, 119, 132, 134, 114, 110, 117, 109, 83, 70], "all_points_y": [33, 47, 72, 94, 115, 134, 147, 172, 191, 199, 200, 189, 163, 155, 126, 104, 101, 93, 66, 39, 41, 33]}, "region_attributes": {"person": "person"}}}}, "pitr_images23.JPG48658": {"fileref": "", "size": 48658, "filename": "pitr_images23.JPG", "base64_img_data": "", "file_attributes": {}, "regions": {}}, "pitr_images24.JPG29104": {"fileref": "", "size": 29104, "filename": "pitr_images24.JPG", "base64_img_data": "", "file_attributes": {}, "regions": {}}, "pitr_images25.JPG15738": {"fileref": "", "size": 15738, "filename": "pitr_images25.JPG", "base64_img_data": "", "file_attributes": {}, "regions": {}}, "pitr_images26.JPG20843": {"fileref": "", "size": 20843, "filename": "pitr_images26.JPG", "base64_img_data": "", "file_attributes": {}, "regions": {}}, "pitr_images27.JPG11039": {"fileref": "", "size": 11039, "filename": "pitr_images27.JPG", "base64_img_data": "", "file_attributes": {}, "regions": {"0": {"shape_attributes": {"name": "polygon", "all_points_x": [50, 38, 36, 37, 20, 11, 14, 36, 37, 33, 55, 55, 59, 81, 81, 57, 63, 57, 50], "all_points_y": [101, 104, 111, 118, 117, 119, 133, 133, 139, 147, 146, 139, 129, 128, 117, 117, 110, 104, 101]}, "region_attributes": {"person": "person"}}}}, "pitr_images28.JPG105189": {"fileref": "", "size": 105189, "filename": "pitr_images28.JPG", "base64_img_data": "", "file_attributes": {}, "regions": {}}, "pitr_images29.JPG22090": {"fileref": "", "size": 22090, "filename": "pitr_images29.JPG", "base64_img_data": "", "file_attributes": {}, "regions": {}}, "pitr_images30.JPG22854": {"fileref": "", "size": 22854, "filename": "pitr_images30.JPG", "base64_img_data": "", "file_attributes": {}, "regions": {}}, "pitr_images31.JPG22368": {"fileref": "", "size": 22368, "filename": "pitr_images31.JPG", "base64_img_data": "", "file_attributes": {}, "regions": {}}, "pitr_images32.JPG67381": {"fileref": "", "size": 67381, "filename": "pitr_images32.JPG", "base64_img_data": "", "file_attributes": {}, "regions": {"0": {"shape_attributes": {"name": "polygon", "all_points_x": [90, 107, 112, 107, 104, 117, 119, 115, 105, 100, 94, 86, 81, 79, 69, 62, 58, 61, 69, 85, 88, 89, 90], "all_points_y": [194, 195, 194, 145, 125, 125, 121, 104, 101, 99, 96, 102, 109, 121, 121, 119, 123, 133, 131, 136, 164, 184, 194]}, "region_attributes": {"person": "person"}}}}, "pitr_images33.JPG19431": {"fileref": "", "size": 19431, "filename": "pitr_images33.JPG", "base64_img_data": "", "file_attributes": {}, "regions": {"0": {"shape_attributes": {"name": "polygon", "all_points_x": [85, 77, 72, 69, 71, 65, 68, 76, 78, 83, 78, 76, 94, 107, 121, 130, 121, 110, 119, 114, 109, 118, 101, 85], "all_points_y": [43, 51, 65, 82, 90, 119, 127, 127, 151, 164, 171, 180, 191, 180, 185, 176, 140, 118, 112, 103, 86, 62, 52, 43]}, "region_attributes": {"person": "person"}}}}, "pitr_images34.JPG22640": {"fileref": "", "size": 22640, "filename": "pitr_images34.JPG", "base64_img_data": "", "file_attributes": {}, "regions": {"0": {"shape_attributes": {"name": "polygon", "all_points_x": [98, 92, 86, 81, 81, 82, 80, 74, 67, 62, 60, 60, 51, 52, 70, 76, 84, 92, 98, 100, 99, 98], "all_points_y": [37, 31, 31, 38, 43, 47, 57, 59, 55, 58, 67, 82, 82, 93, 95, 87, 94, 92, 76, 61, 49, 37]}, "region_attributes": {"person": "person"}}}}, "pitr_images35.JPG75254": {"fileref": "", "size": 75254, "filename": "pitr_images35.JPG", "base64_img_data": "", "file_attributes": {}, "regions": {"0": {"shape_attributes": {"name": "polygon", "all_points_x": [100, 105, 105, 107, 117, 129, 134, 134, 129, 135, 139, 154, 158, 171, 172, 169, 157, 156, 141, 135, 127, 127, 133, 137, 129, 132, 127, 121, 113, 106, 107, 87, 81, 81, 91, 99, 97, 92, 104, 104, 97, 85, 76, 66, 60, 73, 86, 95, 100], "all_points_y": [55, 54, 43, 33, 29, 29, 38, 48, 57, 58, 69, 59, 55, 56, 61, 66, 71, 79, 85, 87, 77, 83, 93, 101, 126, 143, 149, 161, 166, 158, 154, 157, 152, 144, 143, 124, 97, 94, 83, 79, 83, 82, 71, 62, 59, 51, 59, 66, 55]}, "region_attributes": {"person": "person"}}}}, "pitr_images36.JPG37831": {"fileref": "", "size": 37831, "filename": "pitr_images36.JPG", "base64_img_data": "", "file_attributes": {}, "regions": {}}, "pitr_images37.JPG29863": {"fileref": "", "size": 29863, "filename": "pitr_images37.JPG", "base64_img_data": "", "file_attributes": {}, "regions": {}}, "pitr_images38.JPG24655": {"fileref": "", "size": 24655, "filename": "pitr_images38.JPG", "base64_img_data": "", "file_attributes": {}, "regions": {"0": {"shape_attributes": {"name": "polygon", "all_points_x": [134, 115, 92, 82, 60, 54, 61, 71, 52, 52, 57, 43, 33, 20, 21, 36, 60, 74, 95, 89, 89, 91, 128, 139, 123, 124, 143, 148, 143, 174, 175, 156, 155, 134], "all_points_y": [24, 27, 43, 27, 33, 40, 63, 74, 85, 97, 106, 113, 105, 111, 129, 151, 145, 130, 135, 144, 165, 170, 169, 158, 141, 137, 136, 120, 104, 94, 68, 65, 38, 24]}, "region_attributes": {"person": "person"}}}}, "pitr_images39.JPG35648": {"fileref": "", "size": 35648, "filename": "pitr_images39.JPG", "base64_img_data": "", "file_attributes": {}, "regions": {"0": {"shape_attributes": {"name": "polygon", "all_points_x": [49, 35, 28, 26, 24, 28, 34, 34, 38, 39, 29, 27, 98, 98, 81, 83, 92, 88, 101, 105, 89, 79, 78, 70, 61, 53, 45, 49], "all_points_y": [49, 54, 77, 99, 120, 127, 136, 149, 152, 170, 178, 189, 190, 178, 171, 153, 136, 112, 114, 101, 57, 47, 34, 15, 15, 21, 35, 49]}, "region_attributes": {"person": "person"}}}}, "pitr_images40.JPG18367": {"fileref": "", "size": 18367, "filename": "pitr_images40.JPG", "base64_img_data": "", "file_attributes": {}, "regions": {"0": {"shape_attributes": {"name": "polygon", "all_points_x": [62, 54, 57, 116, 124, 110, 101, 105, 108, 117, 128, 128, 117, 113, 96, 95, 99, 101, 97, 84, 75, 70, 63, 62, 63, 58, 52, 47, 36, 38, 57, 60, 65, 63, 62], "all_points_y": [178, 184, 191, 193, 184, 177, 139, 130, 139, 141, 137, 131, 125, 109, 91, 86, 78, 73, 66, 61, 62, 65, 69, 84, 90, 94, 103, 110, 126, 136, 135, 134, 140, 154, 178]}, "region_attributes": {"person": "person"}}}}, "pitr_images41.JPG39111": {"fileref": "", "size": 39111, "filename": "pitr_images41.JPG", "base64_img_data": "", "file_attributes": {}, "regions": {"0": {"shape_attributes": {"name": "polygon", "all_points_x": [55, 44, 39, 38, 41, 30, 17, 13, 18, 29, 33, 35, 35, 34, 22, 29, 50, 57, 60, 79, 86, 77, 75, 79, 77, 87, 93, 79, 61, 68, 67, 55], "all_points_y": [39, 38, 43, 54, 61, 65, 95, 105, 120, 117, 114, 136, 155, 161, 168, 180, 178, 173, 179, 181, 170, 163, 154, 146, 120, 123, 109, 67, 63, 54, 46, 39]}, "region_attributes": {"person": "person"}}, "1": {"shape_attributes": {"name": "polygon", "all_points_x": [193, 176, 170, 173, 158, 156, 170, 165, 167, 206, 211, 198, 206, 218, 213, 207, 203, 197, 193], "all_points_y": [57, 53, 61, 75, 109, 121, 128, 179, 184, 186, 179, 102, 98, 73, 66, 63, 64, 75, 57]}, "region_attributes": {"person": "person"}}}}, "pitr_images42.JPG39506": {"fileref": "", "size": 39506, "filename": "pitr_images42.JPG", "base64_img_data": "", "file_attributes": {}, "regions": {"0": {"shape_attributes": {"name": "polygon", "all_points_x": [78, 82, 77, 59, 50, 55, 44, 47, 50, 50, 57, 59, 60, 66, 81, 89, 89, 86, 90, 88, 98, 91, 85, 78], "all_points_y": [56, 46, 37, 35, 52, 62, 70, 102, 119, 134, 145, 172, 194, 200, 202, 198, 155, 142, 109, 95, 94, 66, 57, 56]}, "region_attributes": {"person": "person"}}}}, "pitr_images43.JPG55854": {"fileref": "", "size": 55854, "filename": "pitr_images43.JPG", "base64_img_data": "", "file_attributes": {}, "regions": {"0": {"shape_attributes": {"name": "polygon", "all_points_x": [223, 199, 167, 158, 135, 121, 114, 95, 73, 95, 100, 100, 88, 89, 210, 195, 213, 225, 241, 254, 249, 244, 230, 223], "all_points_y": [23, 13, 10, 18, 21, 22, 36, 54, 79, 109, 120, 148, 167, 179, 183, 158, 151, 141, 138, 128, 101, 52, 39, 23]}, "region_attributes": {"person": "person"}}}}, "pitr_images44.JPG58470": {"fileref": "", "size": 58470, "filename": "pitr_images44.JPG", "base64_img_data": "", "file_attributes": {}, "regions": {}}, "pitr_images45.JPG47051": {"fileref": "", "size": 47051, "filename": "pitr_images45.JPG", "base64_img_data": "", "file_attributes": {}, "regions": {"0": {"shape_attributes": {"name": "polygon", "all_points_x": [99, 106, 116, 130, 141, 143, 141, 143, 149, 147, 138, 152, 154, 150, 142, 146, 143, 139, 116, 101, 104, 94, 89, 103, 100, 100, 105, 99], "all_points_y": [94, 84, 78, 80, 82, 98, 105, 114, 125, 131, 131, 151, 157, 161, 165, 177, 179, 181, 182, 181, 168, 168, 162, 135, 123, 112, 104, 94]}, "region_attributes": {"person": "person"}}}}, "pitr_images46.JPG3572": {"fileref": "", "size": 3572, "filename": "pitr_images46.JPG", "base64_img_data": "", "file_attributes": {}, "regions": {}}, "pitr_images47.JPG23691": {"fileref": "", "size": 23691, "filename": "pitr_images47.JPG", "base64_img_data": "", "file_attributes": {}, "regions": {}}, "pitr_images48.JPG81220": {"fileref": "", "size": 81220, "filename": "pitr_images48.JPG", "base64_img_data": "", "file_attributes": {}, "regions": {"0": {"shape_attributes": {"name": "polygon", "all_points_x": [65, 59, 54, 35, 25, 24, 27, 34, 42, 44, 51, 60, 80, 91, 83, 75, 79, 69, 65], "all_points_y": [55, 48, 39, 46, 58, 74, 91, 99, 109, 131, 155, 161, 159, 153, 129, 106, 94, 61, 55]}, "region_attributes": {"person": "person"}}}}, "pitr_images49.JPG38157": {"fileref": "", "size": 38157, "filename": "pitr_images49.JPG", "base64_img_data": "", "file_attributes": {}, "regions": {"0": {"shape_attributes": {"name": "polygon", "all_points_x": [126, 122, 112, 107, 106, 111, 115, 115, 109, 110, 96, 92, 116, 119, 112, 109, 107, 99, 118, 128, 140, 155, 157, 138, 145, 145, 139, 145, 142, 134, 130, 126], "all_points_y": [79, 75, 75, 78, 88, 97, 101, 103, 108, 110, 101, 113, 131, 136, 154, 173, 182, 185, 190, 172, 186, 186, 181, 146, 135, 123, 109, 101, 91, 90, 89, 79]}, "region_attributes": {"person": "person"}}}}, "pitr_images50.JPG25223": {"fileref": "", "size": 25223, "filename": "pitr_images50.JPG", "base64_img_data": "", "file_attributes": {}, "regions": {"0": {"shape_attributes": {"name": "polygon", "all_points_x": [84, 75, 71, 73, 74, 62, 60, 64, 67, 61, 57, 61, 56, 57, 113, 117, 105, 102, 107, 104, 114, 102, 100, 99, 96, 84], "all_points_y": [34, 40, 49, 58, 62, 67, 86, 96, 104, 123, 141, 146, 183, 191, 179, 164, 155, 154, 134, 98, 82, 64, 63, 53, 44, 34]}, "region_attributes": {"person": "person"}}}}, "pitr_images51.JPG40760": {"fileref": "", "size": 40760, "filename": "pitr_images51.JPG", "base64_img_data": "", "file_attributes": {}, "regions": {"0": {"shape_attributes": {"name": "polygon", "all_points_x": [72, 71, 63, 56, 53, 55, 52, 48, 59, 50, 58, 63, 92, 90, 98, 79, 85, 76, 72], "all_points_y": [71, 57, 50, 54, 69, 73, 90, 109, 118, 153, 165, 170, 173, 163, 160, 112, 100, 79, 71]}, "region_attributes": {"person": "person"}}}}, "pitr_images52.JPG31936": {"fileref": "", "size": 31936, "filename": "pitr_images52.JPG", "base64_img_data": "", "file_attributes": {}, "regions": {"0": {"shape_attributes": {"name": "polygon", "all_points_x": [81, 77, 58, 55, 45, 39, 29, 29, 30, 42, 37, 50, 63, 54, 55, 85, 87, 93, 105, 106, 115, 113, 99, 86, 81], "all_points_y": [38, 35, 35, 41, 46, 58, 80, 97, 110, 124, 151, 156, 203, 210, 216, 219, 203, 154, 154, 124, 120, 82, 46, 36, 38]}, "region_attributes": {"person": "person"}}}}, "pitr_images53.JPG47717": {"fileref": "", "size": 47717, "filename": "pitr_images53.JPG", "base64_img_data": "", "file_attributes": {}, "regions": {"0": {"shape_attributes": {"name": "polygon", "all_points_x": [51, 39, 37, 41, 39, 30, 20, 12, 27, 54, 58, 57, 63, 68, 64, 66, 77, 94, 86, 91, 98, 101, 109, 129, 123, 113, 95, 108, 90, 95, 84, 62, 51], "all_points_y": [33, 45, 64, 76, 85, 113, 140, 162, 169, 110, 119, 135, 151, 174, 197, 209, 220, 215, 192, 159, 176, 197, 212, 206, 186, 142, 108, 109, 82, 64, 41, 27, 33]}, "region_attributes": {"person": "person"}}}}, "pitr_images54.JPG46177": {"fileref": "", "size": 46177, "filename": "pitr_images54.JPG", "base64_img_data": "", "file_attributes": {}, "regions": {}}, "pitr_images55.JPG27447": {"fileref": "", "size": 27447, "filename": "pitr_images55.JPG", "base64_img_data": "", "file_attributes": {}, "regions": {"0": {"shape_attributes": {"name": "polygon", "all_points_x": [50, 36, 29, 25, 25, 23, 22, 23, 35, 36, 41, 32, 28, 30, 38, 38, 42, 45, 46, 40, 41, 57, 74, 78, 74, 70, 72, 75, 71, 77, 86, 87, 78, 73, 69, 65, 62, 50], "all_points_y": [41, 44, 49, 56, 64, 71, 74, 85, 82, 78, 79, 96, 104, 111, 117, 117, 121, 125, 135, 140, 151, 151, 151, 138, 127, 118, 112, 107, 96, 91, 87, 72, 72, 61, 53, 53, 45, 41]}, "region_attributes": {"person": "person"}}}}, "pitr_images56.JPG40662": {"fileref": "", "size": 40662, "filename": "pitr_images56.JPG", "base64_img_data": "", "file_attributes": {}, "regions": {}}, "pitr_images57.JPG31453": {"fileref": "", "size": 31453, "filename": "pitr_images57.JPG", "base64_img_data": "", "file_attributes": {}, "regions": {"0": {"shape_attributes": {"name": "polygon", "all_points_x": [55, 64, 75, 94, 107, 120, 127, 122, 125, 115, 120, 118, 123, 122, 126, 116, 110, 110, 107, 99, 89, 84, 79, 78, 82, 81, 74, 66, 63, 64, 74, 71, 70, 78, 78, 71, 59, 55], "all_points_y": [144, 155, 157, 155, 156, 153, 143, 131, 125, 112, 106, 94, 89, 83, 64, 54, 53, 42, 31, 24, 24, 27, 36, 51, 54, 60, 59, 61, 71, 81, 87, 105, 113, 117, 129, 139, 139, 144]}, "region_attributes": {"person": "person"}}}}, "pitr_images58.JPG32430": {"fileref": "", "size": 32430, "filename": "pitr_images58.JPG", "base64_img_data": "", "file_attributes": {}, "regions": {}}, "pitr_images59.JPG40709": {"fileref": "", "size": 40709, "filename": "pitr_images59.JPG", "base64_img_data": "", "file_attributes": {}, "regions": {}}, "pitr_images60.JPG52357": {"fileref": "", "size": 52357, "filename": "pitr_images60.JPG", "base64_img_data": "", "file_attributes": {}, "regions": {"0": {"shape_attributes": {"name": "polygon", "all_points_x": [114, 106, 99, 91, 89, 89, 95, 101, 99, 92, 91, 108, 110, 113, 128, 125, 121, 116, 128, 126, 114], "all_points_y": [123, 127, 126, 120, 129, 139, 149, 165, 182, 187, 194, 197, 192, 198, 196, 185, 172, 148, 132, 119, 123]}, "region_attributes": {"person": "person"}}, "1": {"shape_attributes": {"name": "polygon", "all_points_x": [65, 71, 75, 75, 75, 77, 77, 79, 79, 75, 62, 54, 53, 58, 56, 58, 58, 60, 65], "all_points_y": [106, 109, 114, 120, 129, 142, 152, 156, 159, 161, 163, 160, 153, 150, 134, 121, 116, 108, 106]}, "region_attributes": {"person": "person"}}}}, "pitr_images61.JPG50927": {"fileref": "", "size": 50927, "filename": "pitr_images61.JPG", "base64_img_data": "", "file_attributes": {}, "regions": {}}, "pitr_images62.JPG17897": {"fileref": "", "size": 17897, "filename": "pitr_images62.JPG", "base64_img_data": "", "file_attributes": {}, "regions": {"0": {"shape_attributes": {"name": "polygon", "all_points_x": [105, 97, 91, 90, 83, 82, 92, 93, 89, 90, 114, 109, 116, 113, 105], "all_points_y": [133, 131, 135, 136, 136, 147, 155, 171, 185, 187, 189, 163, 162, 149, 133]}, "region_attributes": {"person": "person"}}}}, "pitr_images63.JPG24391": {"fileref": "", "size": 24391, "filename": "pitr_images63.JPG", "base64_img_data": "", "file_attributes": {}, "regions": {}}, "pitr_images64.JPG54766": {"fileref": "", "size": 54766, "filename": "pitr_images64.JPG", "base64_img_data": "", "file_attributes": {}, "regions": {"0": {"shape_attributes": {"name": "polygon", "all_points_x": [50, 42, 42, 42, 45, 46, 35, 29, 28, 50, 53, 52, 62, 69, 71, 90, 90, 90, 76, 77, 81, 71, 65, 50], "all_points_y": [65, 79, 86, 95, 97, 101, 110, 115, 124, 135, 150, 165, 166, 159, 136, 130, 118, 112, 96, 88, 80, 67, 61, 65]}, "region_attributes": {"person": "person"}}}}, "pitr_images65.JPG26637": {"fileref": "", "size": 26637, "filename": "pitr_images65.JPG", "base64_img_data": "", "file_attributes": {}, "regions": {"0": {"shape_attributes": {"name": "polygon", "all_points_x": [50, 42, 39, 40, 34, 32, 40, 42, 38, 36, 53, 58, 60, 58, 68, 61, 50, 50], "all_points_y": [123, 123, 128, 134, 142, 151, 159, 168, 177, 183, 183, 171, 164, 146, 131, 115, 113, 123]}, "region_attributes": {"person": "person"}}}}, "pitr_images66.JPG44511": {"fileref": "", "size": 44511, "filename": "pitr_images66.JPG", "base64_img_data": "", "file_attributes": {}, "regions": {"0": {"shape_attributes": {"name": "polygon", "all_points_x": [92, 60, 55, 57, 47, 38, 37, 48, 108, 112, 108, 80, 83, 92, 91, 115, 119, 100, 92], "all_points_y": [57, 57, 61, 79, 102, 121, 156, 161, 160, 144, 139, 145, 131, 116, 111, 97, 86, 65, 57]}, "region_attributes": {"person": "person"}}}}, "pitr_images67.JPG60315": {"fileref": "", "size": 60315, "filename": "pitr_images67.JPG", "base64_img_data": "", "file_attributes": {}, "regions": {"0": {"shape_attributes": {"name": "polygon", "all_points_x": [163, 154, 138, 129, 123, 124, 127, 118, 101, 107, 134, 134, 134, 148, 154, 157, 179, 187, 160, 161, 170, 163], "all_points_y": [51, 46, 37, 47, 54, 74, 80, 97, 113, 120, 127, 149, 165, 166, 152, 125, 127, 111, 78, 69, 67, 51]}, "region_attributes": {"person": "person"}}}}, "pitr_images68.JPG38996": {"fileref": "", "size": 38996, "filename": "pitr_images68.JPG", "base64_img_data": "", "file_attributes": {}, "regions": {"0": {"shape_attributes": {"name": "polygon", "all_points_x": [41, 35, 29, 28, 25, 23, 26, 28, 26, 19, 29, 37, 43, 39, 43, 41, 45, 44, 41, 40, 41], "all_points_y": [18, 13, 16, 25, 31, 41, 46, 59, 69, 79, 88, 85, 77, 73, 64, 41, 38, 30, 29, 25, 18]}, "region_attributes": {"person": "person"}}, "1": {"shape_attributes": {"name": "polygon", "all_points_x": [80, 74, 70, 73, 65, 68, 76, 71, 79, 94, 98, 80], "all_points_y": [43, 43, 47, 51, 57, 67, 73, 81, 86, 78, 63, 43]}, "region_attributes": {"person": "person"}}, "2": {"shape_attributes": {"name": "polygon", "all_points_x": [141, 142, 132, 130, 129, 129, 125, 125, 127, 129, 132, 141, 143, 150, 146, 149, 153, 141], "all_points_y": [22, 16, 14, 14, 21, 24, 30, 45, 46, 65, 84, 84, 79, 74, 67, 55, 47, 22]}, "region_attributes": {"person": "person"}}, "3": {"shape_attributes": {"name": "polygon", "all_points_x": [195, 206, 205, 199, 206, 206, 208, 204, 183, 178, 181, 178, 184, 186, 196, 195], "all_points_y": [26, 27, 41, 46, 63, 71, 80, 84, 81, 69, 55, 37, 27, 16, 18, 26]}, "region_attributes": {"person": "person"}}, "4": {"shape_attributes": {"name": "polygon", "all_points_x": [33, 34, 23, 20, 19, 16, 16, 18, 19, 21, 21, 31, 36, 36, 39, 42, 38, 33], "all_points_y": [113, 105, 106, 113, 118, 126, 134, 135, 147, 161, 173, 175, 162, 149, 136, 131, 118, 113]}, "region_attributes": {"person": "person"}}, "5": {"shape_attributes": {"name": "polygon", "all_points_x": [77, 74, 77, 77, 78, 92, 92, 92, 94, 90, 77], "all_points_y": [130, 142, 151, 163, 170, 171, 158, 147, 144, 134, 130]}, "region_attributes": {"person": "person"}}, "6": {"shape_attributes": {"name": "polygon", "all_points_x": [153, 150, 146, 134, 132, 137, 138, 133, 135, 132, 137, 140, 135, 136, 151, 161, 150, 155, 156, 152, 153], "all_points_y": [110, 102, 96, 97, 105, 111, 113, 120, 124, 146, 149, 158, 166, 173, 173, 165, 148, 146, 127, 120, 110]}, "region_attributes": {"person": "person"}}, "7": {"shape_attributes": {"name": "polygon", "all_points_x": [214, 214, 205, 197, 197, 192, 188, 197, 197, 198, 200, 208, 217, 216, 217, 214], "all_points_y": [111, 106, 102, 104, 117, 114, 121, 131, 143, 150, 165, 171, 168, 145, 126, 111]}, "region_attributes": {"person": "person"}}}}, "pitr_images69.JPG46365": {"fileref": "", "size": 46365, "filename": "pitr_images69.JPG", "base64_img_data": "", "file_attributes": {}, "regions": {}}, "pitr_images70.JPG22211": {"fileref": "", "size": 22211, "filename": "pitr_images70.JPG", "base64_img_data": "", "file_attributes": {}, "regions": {"0": {"shape_attributes": {"name": "polygon", "all_points_x": [109, 110, 100, 79, 70, 73, 81, 76, 77, 77, 72, 65, 71, 82, 86, 89, 96, 92, 94, 106, 112, 106, 100, 105, 104, 121, 135, 133, 121, 110, 104, 109], "all_points_y": [71, 64, 55, 64, 71, 81, 92, 106, 120, 136, 146, 157, 161, 160, 155, 130, 147, 155, 161, 160, 153, 147, 124, 118, 104, 99, 88, 77, 77, 93, 90, 71]}, "region_attributes": {"person": "person"}}}}, "pitr_images71.JPG29666": {"fileref": "", "size": 29666, "filename": "pitr_images71.JPG", "base64_img_data": "", "file_attributes": {}, "regions": {"0": {"shape_attributes": {"name": "polygon", "all_points_x": [94, 89, 89, 74, 72, 73, 71, 66, 66, 60, 65, 82, 95, 98, 94], "all_points_y": [149, 131, 123, 122, 130, 136, 137, 140, 146, 148, 157, 161, 158, 153, 149]}, "region_attributes": {"person": "person"}}}}, "pitr_images72.JPG12682": {"fileref": "", "size": 12682, "filename": "pitr_images72.JPG", "base64_img_data": "", "file_attributes": {}, "regions": {}}, "pitr_images73.JPG28150": {"fileref": "", "size": 28150, "filename": "pitr_images73.JPG", "base64_img_data": "", "file_attributes": {}, "regions": {}}, "pitr_images74.JPG71706": {"fileref": "", "size": 71706, "filename": "pitr_images74.JPG", "base64_img_data": "", "file_attributes": {}, "regions": {}}, "pitr_images75.JPG29795": {"fileref": "", "size": 29795, "filename": "pitr_images75.JPG", "base64_img_data": "", "file_attributes": {}, "regions": {}}, "pitr_images76.JPG29394": {"fileref": "", "size": 29394, "filename": "pitr_images76.JPG", "base64_img_data": "", "file_attributes": {}, "regions": {"0": {"shape_attributes": {"name": "polygon", "all_points_x": [41, 29, 22, 19, 8, 7, 19, 20, 12, 12, 20, 24, 28, 28, 35, 48, 53, 48, 43, 39, 48, 46, 55, 59, 45, 41], "all_points_y": [47, 45, 52, 63, 73, 93, 97, 106, 106, 126, 128, 121, 129, 150, 165, 155, 146, 141, 139, 117, 103, 91, 91, 85, 63, 47]}, "region_attributes": {"person": "person"}}, "1": {"shape_attributes": {"name": "polygon", "all_points_x": [114, 111, 102, 91, 86, 89, 82, 75, 73, 74, 77, 74, 66, 59, 57, 55, 60, 68, 74, 82, 92, 95, 97, 95, 98, 117, 125, 119, 112, 113, 110, 113, 110, 114, 113, 119, 112, 114], "all_points_y": [37, 34, 32, 33, 41, 48, 50, 70, 79, 85, 91, 109, 103, 106, 120, 127, 132, 131, 125, 125, 113, 128, 143, 158, 163, 164, 153, 145, 145, 126, 99, 97, 89, 83, 73, 59, 50, 37]}, "region_attributes": {"person": "person"}}}}, "pitr_images77.JPG49199": {"fileref": "", "size": 49199, "filename": "pitr_images77.JPG", "base64_img_data": "", "file_attributes": {}, "regions": {}}, "pitr_images78.JPG62153": {"fileref": "", "size": 62153, "filename": "pitr_images78.JPG", "base64_img_data": "", "file_attributes": {}, "regions": {"0": {"shape_attributes": {"name": "polygon", "all_points_x": [144, 138, 134, 135, 129, 125, 124, 132, 131, 129, 125, 127, 135, 149, 155, 160, 160, 155, 154, 158, 157, 155, 152, 144], "all_points_y": [62, 63, 69, 75, 79, 84, 92, 89, 102, 115, 123, 132, 136, 138, 106, 105, 97, 93, 84, 77, 70, 70, 63, 62]}, "region_attributes": {"person": "person"}}}}, "pitr_images79.JPG28905": {"fileref": "", "size": 28905, "filename": "pitr_images79.JPG", "base64_img_data": "", "file_attributes": {}, "regions": {}}, "pitr_images80.JPG28302": {"fileref": "", "size": 28302, "filename": "pitr_images80.JPG", "base64_img_data": "", "file_attributes": {}, "regions": {}}, "pitr_images81.JPG70677": {"fileref": "", "size": 70677, "filename": "pitr_images81.JPG", "base64_img_data": "", "file_attributes": {}, "regions": {"0": {"shape_attributes": {"name": "polygon", "all_points_x": [196, 180, 175, 171, 173, 161, 159, 158, 149, 143, 147, 153, 149, 156, 171, 180, 179, 179, 174, 177, 210, 211, 214, 224, 226, 218, 217, 217, 214, 196], "all_points_y": [72, 74, 81, 92, 103, 96, 88, 81, 81, 85, 91, 98, 103, 112, 119, 126, 137, 148, 160, 167, 166, 145, 141, 134, 126, 119, 103, 85, 77, 72]}, "region_attributes": {"person": "person"}}}}, "pitr_images82.JPG23252": {"fileref": "", "size": 23252, "filename": "pitr_images82.JPG", "base64_img_data": "", "file_attributes": {}, "regions": {}}, "pitr_images83.JPG49207": {"fileref": "", "size": 49207, "filename": "pitr_images83.JPG", "base64_img_data": "", "file_attributes": {}, "regions": {}}, "pitr_images84.JPG23596": {"fileref": "", "size": 23596, "filename": "pitr_images84.JPG", "base64_img_data": "", "file_attributes": {}, "regions": {"0": {"shape_attributes": {"name": "polygon", "all_points_x": [56, 53, 56, 49, 41, 36, 36, 38, 44, 44, 42, 45, 48, 48, 57, 74, 83, 84, 79, 82, 79, 93, 115, 124, 130, 121, 106, 92, 77, 83, 77, 70, 61, 56], "all_points_y": [37, 46, 52, 54, 59, 67, 78, 87, 90, 106, 121, 134, 175, 188, 193, 193, 187, 178, 178, 118, 93, 99, 76, 76, 66, 61, 62, 76, 56, 42, 30, 31, 33, 37]}, "region_attributes": {"person": "person"}}}}, "pitr_images85.JPG52080": {"fileref": "", "size": 52080, "filename": "pitr_images85.JPG", "base64_img_data": "", "file_attributes": {}, "regions": {"0": {"shape_attributes": {"name": "polygon", "all_points_x": [157, 159, 158, 149, 157, 163, 166, 173, 166, 160, 164, 155, 154, 158, 134, 130, 133, 134, 123, 125, 133, 127, 127, 127, 132, 127, 135, 143, 150, 157], "all_points_y": [17, 25, 33, 41, 51, 56, 67, 75, 83, 79, 121, 123, 145, 167, 168, 152, 143, 122, 120, 91, 71, 61, 54, 40, 36, 28, 16, 13, 13, 17]}, "region_attributes": {"person": "person"}}}}, "pitr_images86.JPG66578": {"fileref": "", "size": 66578, "filename": "pitr_images86.JPG", "base64_img_data": "", "file_attributes": {}, "regions": {}}, "pitr_images87.JPG20738": {"fileref": "", "size": 20738, "filename": "pitr_images87.JPG", "base64_img_data": "", "file_attributes": {}, "regions": {}}, "pitr_images88.JPG53163": {"fileref": "", "size": 53163, "filename": "pitr_images88.JPG", "base64_img_data": "", "file_attributes": {}, "regions": {}}, "pitr_images89.JPG68831": {"fileref": "", "size": 68831, "filename": "pitr_images89.JPG", "base64_img_data": "", "file_attributes": {}, "regions": {}}, "pitr_images90.JPG28047": {"fileref": "", "size": 28047, "filename": "pitr_images90.JPG", "base64_img_data": "", "file_attributes": {}, "regions": {}}, "pitr_images91.JPG46820": {"fileref": "", "size": 46820, "filename": "pitr_images91.JPG", "base64_img_data": "", "file_attributes": {}, "regions": {}}, "pitr_images92.JPG54986": {"fileref": "", "size": 54986, "filename": "pitr_images92.JPG", "base64_img_data": "", "file_attributes": {}, "regions": {"0": {"shape_attributes": {"name": "polygon", "all_points_x": [61, 50, 36, 30, 25, 21, 28, 39, 33, 29, 43, 56, 57, 62, 61, 57, 61], "all_points_y": [64, 64, 57, 72, 86, 93, 97, 89, 126, 144, 148, 143, 128, 125, 86, 79, 64]}, "region_attributes": {"person": "person"}}}}, "pitr_images93.JPG99829": {"fileref": "", "size": 99829, "filename": "pitr_images93.JPG", "base64_img_data": "", "file_attributes": {}, "regions": {}}, "pitr_images94.JPG62114": {"fileref": "", "size": 62114, "filename": "pitr_images94.JPG", "base64_img_data": "", "file_attributes": {}, "regions": {}}, "pitr_images95.JPG22086": {"fileref": "", "size": 22086, "filename": "pitr_images95.JPG", "base64_img_data": "", "file_attributes": {}, "regions": {}}, "pitr_images96.JPG29461": {"fileref": "", "size": 29461, "filename": "pitr_images96.JPG", "base64_img_data": "", "file_attributes": {}, "regions": {}}, "pitr_images97.JPG26027": {"fileref": "", "size": 26027, "filename": "pitr_images97.JPG", "base64_img_data": "", "file_attributes": {}, "regions": {"0": {"shape_attributes": {"name": "polygon", "all_points_x": [90, 77, 70, 70, 60, 59, 65, 74, 72, 69, 69, 77, 76, 71, 73, 85, 94, 99, 97, 99, 99, 105, 103, 103, 109, 103, 90], "all_points_y": [48, 42, 45, 62, 79, 86, 91, 95, 114, 130, 140, 144, 165, 173, 180, 182, 179, 171, 147, 124, 116, 103, 85, 82, 66, 51, 48]}, "region_attributes": {"person": "person"}}, "1": {"shape_attributes": {"name": "polygon", "all_points_x": [129, 116, 104, 103, 106, 102, 95, 99, 97, 97, 97, 98, 106, 118, 116, 126, 119, 123, 131, 138, 138, 142, 129], "all_points_y": [76, 80, 82, 94, 105, 112, 125, 130, 142, 152, 171, 181, 185, 174, 152, 149, 122, 118, 122, 113, 102, 83, 76]}, "region_attributes": {"person": "person"}}}}, "pitr_images98.JPG27476": {"fileref": "", "size": 27476, "filename": "pitr_images98.JPG", "base64_img_data": "", "file_attributes": {}, "regions": {"0": {"shape_attributes": {"name": "polygon", "all_points_x": [113, 94, 77, 79, 81, 73, 70, 76, 82, 61, 60, 52, 38, 39, 74, 81, 85, 87, 105, 113, 107, 109, 129, 145, 127, 122, 113], "all_points_y": [52, 49, 55, 64, 65, 70, 85, 95, 106, 149, 157, 171, 174, 183, 186, 175, 160, 157, 158, 173, 180, 187, 187, 177, 150, 72, 52]}, "region_attributes": {"person": "person"}}}}, "pitr_images99.JPG82024": {"fileref": "", "size": 82024, "filename": "pitr_images99.JPG", "base64_img_data": "", "file_attributes": {}, "regions": {"0": {"shape_attributes": {"name": "polygon", "all_points_x": [116, 108, 98, 83, 82, 82, 88, 89, 85, 103, 111, 110, 111, 113, 117, 116], "all_points_y": [110, 105, 110, 109, 119, 136, 144, 166, 176, 179, 174, 149, 137, 123, 117, 110]}, "region_attributes": {"person": "person"}}, "1": {"shape_attributes": {"name": "polygon", "all_points_x": [61, 62, 39, 34, 32, 35, 39, 39, 34, 52, 60, 53, 55, 60, 65, 61], "all_points_y": [118, 111, 112, 114, 123, 139, 147, 165, 173, 175, 164, 156, 150, 137, 131, 118]}, "region_attributes": {"person": "person"}}, "2": {"shape_attributes": {"name": "polygon", "all_points_x": [174, 177, 176, 169, 160, 151, 150, 151, 155, 155, 153, 161, 176, 173, 176, 180, 174], "all_points_y": [123, 111, 106, 106, 112, 112, 124, 134, 143, 157, 174, 180, 176, 165, 157, 142, 123]}, "region_attributes": {"person": "person"}}}}, "pitr_images100.JPG81893": {"fileref": "", "size": 81893, "filename": "pitr_images100.JPG", "base64_img_data": "", "file_attributes": {}, "regions": {}}, "pitr_images101.JPG22163": {"fileref": "", "size": 22163, "filename": "pitr_images101.JPG", "base64_img_data": "", "file_attributes": {}, "regions": {}}, "pitr_images102.JPG42745": {"fileref": "", "size": 42745, "filename": "pitr_images102.JPG", "base64_img_data": "", "file_attributes": {}, "regions": {}}, "pitr_images103.JPG20439": {"fileref": "", "size": 20439, "filename": "pitr_images103.JPG", "base64_img_data": "", "file_attributes": {}, "regions": {}}, "pitr_images104.JPG82970": {"fileref": "", "size": 82970, "filename": "pitr_images104.JPG", "base64_img_data": "", "file_attributes": {}, "regions": {}}, "pitr_images105.JPG76702": {"fileref": "", "size": 76702, "filename": "pitr_images105.JPG", "base64_img_data": "", "file_attributes": {}, "regions": {"0": {"shape_attributes": {"name": "polygon", "all_points_x": [115, 113, 119, 115, 101, 90, 84, 79, 86, 81, 83, 83, 82, 93, 85, 83, 99, 109, 109, 127, 132, 121, 127, 130, 125, 129, 125, 115], "all_points_y": [91, 87, 72, 64, 61, 70, 71, 83, 95, 115, 134, 141, 151, 161, 190, 200, 201, 193, 202, 203, 199, 167, 147, 145, 122, 115, 98, 91]}, "region_attributes": {"person": "person"}}}}, "pitr_images106.JPG14888": {"fileref": "", "size": 14888, "filename": "pitr_images106.JPG", "base64_img_data": "", "file_attributes": {}, "regions": {}}, "pitr_images107.JPG61293": {"fileref": "", "size": 61293, "filename": "pitr_images107.JPG", "base64_img_data": "", "file_attributes": {}, "regions": {}}, "pitr_images108.JPG38222": {"fileref": "", "size": 38222, "filename": "pitr_images108.JPG", "base64_img_data": "", "file_attributes": {}, "regions": {}}, "pitr_images109.JPG18311": {"fileref": "", "size": 18311, "filename": "pitr_images109.JPG", "base64_img_data": "", "file_attributes": {}, "regions": {"0": {"shape_attributes": {"name": "polygon", "all_points_x": [113, 100, 81, 78, 82, 92, 88, 84, 93, 91, 79, 96, 110, 108, 105, 116, 126, 118, 114, 113], "all_points_y": [87, 80, 84, 94, 106, 116, 144, 178, 186, 199, 210, 218, 213, 197, 138, 142, 112, 101, 104, 87]}, "region_attributes": {"person": "person"}}}}, "pitr_images110.JPG71549": {"fileref": "", "size": 71549, "filename": "pitr_images110.JPG", "base64_img_data": "", "file_attributes": {}, "regions": {}}, "pitr_images111.JPG64772": {"fileref": "", "size": 64772, "filename": "pitr_images111.JPG", "base64_img_data": "", "file_attributes": {}, "regions": {}}, "pitr_images112.JPG30601": {"fileref": "", "size": 30601, "filename": "pitr_images112.JPG", "base64_img_data": "", "file_attributes": {}, "regions": {"0": {"shape_attributes": {"name": "polygon", "all_points_x": [109, 98, 76, 59, 53, 54, 38, 31, 42, 61, 61, 65, 73, 73, 71, 111, 110, 124, 141, 157, 167, 174, 164, 150, 139, 147, 130, 141, 129, 121, 111, 109], "all_points_y": [98, 86, 81, 84, 100, 117, 117, 140, 147, 153, 171, 179, 184, 199, 206, 208, 181, 175, 190, 193, 178, 159, 150, 158, 153, 134, 125, 96, 87, 82, 88, 98]}, "region_attributes": {"person": "person"}}}}, "pitr_images113.JPG59936": {"fileref": "", "size": 59936, "filename": "pitr_images113.JPG", "base64_img_data": "", "file_attributes": {}, "regions": {"0": {"shape_attributes": {"name": "polygon", "all_points_x": [66, 49, 39, 29, 29, 36, 30, 17, 13, 20, 37, 37, 25, 29, 54, 66, 83, 82, 74, 67, 75, 86, 81, 73, 73, 66], "all_points_y": [58, 53, 60, 69, 78, 91, 101, 103, 112, 117, 109, 124, 134, 147, 135, 154, 152, 142, 133, 103, 93, 79, 70, 77, 63, 58]}, "region_attributes": {"person": "person"}}, "1": {"shape_attributes": {"name": "polygon", "all_points_x": [135, 138, 129, 122, 102, 97, 89, 82, 97, 101, 92, 89, 94, 89, 82, 79, 93, 107, 111, 114, 119, 129, 122, 129, 123, 141, 151, 147, 138, 135], "all_points_y": [55, 43, 38, 46, 42, 43, 43, 56, 80, 83, 97, 105, 109, 121, 121, 132, 134, 113, 115, 135, 138, 133, 115, 110, 86, 82, 69, 61, 68, 55]}, "region_attributes": {"person": "person"}}, "2": {"shape_attributes": {"name": "polygon", "all_points_x": [151, 153, 154, 141, 145, 137, 151, 151, 148, 161, 180, 190, 194, 195, 191, 191, 182, 183, 192, 190, 182, 169, 163, 169, 151], "all_points_y": [141, 129, 111, 101, 93, 89, 82, 69, 56, 43, 46, 52, 63, 78, 86, 99, 101, 114, 128, 136, 136, 117, 116, 138, 141]}, "region_attributes": {"person": "person"}}}}, "pitr_images114.JPG27400": {"fileref": "", "size": 27400, "filename": "pitr_images114.JPG", "base64_img_data": "", "file_attributes": {}, "regions": {"0": {"shape_attributes": {"name": "polygon", "all_points_x": [93, 93, 82, 69, 60, 54, 41, 39, 53, 55, 42, 39, 37, 57, 67, 68, 68, 70, 82, 84, 86, 96, 88, 88, 119, 114, 93], "all_points_y": [82, 70, 67, 74, 78, 70, 71, 93, 105, 121, 125, 135, 146, 170, 165, 149, 178, 182, 189, 163, 127, 117, 107, 101, 79, 72, 82]}, "region_attributes": {"person": "person"}}}}, "pitr_images115.JPG59742": {"fileref": "", "size": 59742, "filename": "pitr_images115.JPG", "base64_img_data": "", "file_attributes": {}, "regions": {"0": {"shape_attributes": {"name": "polygon", "all_points_x": [122, 118, 99, 89, 87, 70, 67, 93, 108, 118, 102, 99, 86, 70, 65, 75, 80, 95, 105, 118, 131, 140, 132, 122], "all_points_y": [78, 65, 57, 63, 70, 59, 70, 86, 95, 106, 114, 129, 153, 170, 178, 184, 192, 179, 182, 141, 142, 119, 97, 78]}, "region_attributes": {"person": "person"}}}}, "pitr_images116.JPG46114": {"fileref": "", "size": 46114, "filename": "pitr_images116.JPG", "base64_img_data": "", "file_attributes": {}, "regions": {}}, "pitr_images117.JPG110991": {"fileref": "", "size": 110991, "filename": "pitr_images117.JPG", "base64_img_data": "", "file_attributes": {}, "regions": {}}, "pitr_images118.JPG20787": {"fileref": "", "size": 20787, "filename": "pitr_images118.JPG", "base64_img_data": "", "file_attributes": {}, "regions": {}}, "pitr_images119.JPG72956": {"fileref": "", "size": 72956, "filename": "pitr_images119.JPG", "base64_img_data": "", "file_attributes": {}, "regions": {}}, "pitr_images120.JPG71489": {"fileref": "", "size": 71489, "filename": "pitr_images120.JPG", "base64_img_data": "", "file_attributes": {}, "regions": {}}, "pitr_images121.JPG25092": {"fileref": "", "size": 25092, "filename": "pitr_images121.JPG", "base64_img_data": "", "file_attributes": {}, "regions": {}}, "pitr_images122.JPG11849": {"fileref": "", "size": 11849, "filename": "pitr_images122.JPG", "base64_img_data": "", "file_attributes": {}, "regions": {"0": {"shape_attributes": {"name": "polygon", "all_points_x": [94, 94, 90, 76, 69, 67, 56, 53, 64, 66, 62, 69, 91, 91, 97, 103, 110, 106, 94], "all_points_y": [43, 33, 26, 25, 32, 40, 48, 83, 96, 115, 134, 141, 137, 101, 95, 102, 87, 64, 43]}, "region_attributes": {"person": "person"}}}}, "pitr_images123.JPG8759": {"fileref": "", "size": 8759, "filename": "pitr_images123.JPG", "base64_img_data": "", "file_attributes": {}, "regions": {}}, "pitr_images124.JPG22013": {"fileref": "", "size": 22013, "filename": "pitr_images124.JPG", "base64_img_data": "", "file_attributes": {}, "regions": {}}, "pitr_images125.JPG21411": {"fileref": "", "size": 21411, "filename": "pitr_images125.JPG", "base64_img_data": "", "file_attributes": {}, "regions": {}}, "pitr_images126.JPG80282": {"fileref": "", "size": 80282, "filename": "pitr_images126.JPG", "base64_img_data": "", "file_attributes": {}, "regions": {}}, "pitr_images127.JPG58223": {"fileref": "", "size": 58223, "filename": "pitr_images127.JPG", "base64_img_data": "", "file_attributes": {}, "regions": {}}, "pitr_images128.JPG38201": {"fileref": "", "size": 38201, "filename": "pitr_images128.JPG", "base64_img_data": "", "file_attributes": {}, "regions": {}}, "pitr_images129.JPG60246": {"fileref": "", "size": 60246, "filename": "pitr_images129.JPG", "base64_img_data": "", "file_attributes": {}, "regions": {"0": {"shape_attributes": {"name": "polygon", "all_points_x": [197, 189, 179, 180, 171, 162, 161, 166, 165, 164, 171, 173, 199, 201, 207, 204, 208, 213, 213, 212, 209, 197], "all_points_y": [12, 7, 13, 32, 47, 51, 70, 73, 105, 117, 121, 133, 134, 120, 118, 72, 67, 69, 37, 26, 16, 12]}, "region_attributes": {"person": "person"}}, "1": {"shape_attributes": {"name": "polygon", "all_points_x": [73, 67, 70, 55, 52, 52, 60, 70, 85, 95, 88, 88, 98, 96, 102, 99, 101, 73], "all_points_y": [3, 13, 24, 60, 82, 109, 130, 134, 133, 127, 118, 103, 95, 61, 26, 13, 1, 3]}, "region_attributes": {"person": "person"}}}}, "pitr_images130.JPG42656": {"fileref": "", "size": 42656, "filename": "pitr_images130.JPG", "base64_img_data": "", "file_attributes": {}, "regions": {}}, "pitr_images131.JPG33526": {"fileref": "", "size": 33526, "filename": "pitr_images131.JPG", "base64_img_data": "", "file_attributes": {}, "regions": {}}, "pitr_images132.JPG1616": {"fileref": "", "size": 1616, "filename": "pitr_images132.JPG", "base64_img_data": "", "file_attributes": {}, "regions": {}}, "pitr_images133.JPG23938": {"fileref": "", "size": 23938, "filename": "pitr_images133.JPG", "base64_img_data": "", "file_attributes": {}, "regions": {"0": {"shape_attributes": {"name": "polygon", "all_points_x": [125, 117, 118, 106, 109, 106, 98, 82, 60, 44, 37, 46, 59, 67, 64, 70, 71, 60, 56, 102, 129, 137, 126, 145, 150, 142, 133, 125, 113, 113, 105, 103, 120, 125], "all_points_y": [107, 97, 84, 79, 67, 57, 53, 67, 83, 93, 104, 117, 124, 131, 145, 158, 167, 171, 183, 190, 186, 170, 161, 162, 143, 131, 137, 132, 136, 145, 143, 135, 126, 107]}, "region_attributes": {"person": "person"}}}}, "pitr_images134.JPG54491": {"fileref": "", "size": 54491, "filename": "pitr_images134.JPG", "base64_img_data": "", "file_attributes": {}, "regions": {}}, "pitr_images135.JPG8985": {"fileref": "", "size": 8985, "filename": "pitr_images135.JPG", "base64_img_data": "", "file_attributes": {}, "regions": {}}, "pitr_images136.JPG44047": {"fileref": "", "size": 44047, "filename": "pitr_images136.JPG", "base64_img_data": "", "file_attributes": {}, "regions": {"0": {"shape_attributes": {"name": "polygon", "all_points_x": [39, 36, 44, 38, 27, 23, 29, 35, 35, 36, 37, 63, 70, 79, 81, 74, 82, 78, 66, 67, 58, 39], "all_points_y": [41, 54, 60, 64, 68, 101, 136, 138, 169, 194, 201, 200, 160, 161, 139, 97, 91, 65, 58, 45, 35, 41]}, "region_attributes": {"person": "person"}}}}, "pitr_images137.JPG41131": {"fileref": "", "size": 41131, "filename": "pitr_images137.JPG", "base64_img_data": "", "file_attributes": {}, "regions": {}}, "pitr_images138.JPG54012": {"fileref": "", "size": 54012, "filename": "pitr_images138.JPG", "base64_img_data": "", "file_attributes": {}, "regions": {}}, "pitr_images139.JPG42177": {"fileref": "", "size": 42177, "filename": "pitr_images139.JPG", "base64_img_data": "", "file_attributes": {}, "regions": {}}, "pitr_images140.JPG25048": {"fileref": "", "size": 25048, "filename": "pitr_images140.JPG", "base64_img_data": "", "file_attributes": {}, "regions": {}}, "pitr_images141.JPG34381": {"fileref": "", "size": 34381, "filename": "pitr_images141.JPG", "base64_img_data": "", "file_attributes": {}, "regions": {}}, "pitr_images142.JPG77994": {"fileref": "", "size": 77994, "filename": "pitr_images142.JPG", "base64_img_data": "", "file_attributes": {}, "regions": {}}, "pitr_images143.JPG43220": {"fileref": "", "size": 43220, "filename": "pitr_images143.JPG", "base64_img_data": "", "file_attributes": {}, "regions": {"0": {"shape_attributes": {"name": "polygon", "all_points_x": [113, 102, 85, 77, 77, 78, 80, 73, 73, 71, 78, 86, 116, 119, 129, 137, 138, 136, 121, 118, 116, 119, 121, 113], "all_points_y": [68, 62, 66, 71, 90, 104, 111, 121, 139, 163, 174, 175, 174, 155, 155, 141, 119, 109, 111, 113, 109, 103, 85, 68]}, "region_attributes": {"person": "person"}}}}, "pitr_images144.JPG31411": {"fileref": "", "size": 31411, "filename": "pitr_images144.JPG", "base64_img_data": "", "file_attributes": {}, "regions": {}}, "pitr_images145.JPG33787": {"fileref": "", "size": 33787, "filename": "pitr_images145.JPG", "base64_img_data": "", "file_attributes": {}, "regions": {}}, "pitr_images146.JPG58663": {"fileref": "", "size": 58663, "filename": "pitr_images146.JPG", "base64_img_data": "", "file_attributes": {}, "regions": {}}, "pitr_images147.JPG41104": {"fileref": "", "size": 41104, "filename": "pitr_images147.JPG", "base64_img_data": "", "file_attributes": {}, "regions": {"0": {"shape_attributes": {"name": "polygon", "all_points_x": [68, 69, 67, 58, 45, 42, 39, 53, 56, 56, 54, 60, 58, 53, 55, 72, 81, 79, 72, 73, 79, 78, 82, 82, 68], "all_points_y": [105, 96, 89, 85, 88, 95, 105, 114, 121, 133, 144, 149, 172, 182, 185, 187, 185, 181, 169, 153, 150, 137, 137, 125, 105]}, "region_attributes": {"person": "person"}}}}, "pitr_images148.JPG6614": {"fileref": "", "size": 6614, "filename": "pitr_images148.JPG", "base64_img_data": "", "file_attributes": {}, "regions": {}}, "pitr_images149.JPG21489": {"fileref": "", "size": 21489, "filename": "pitr_images149.JPG", "base64_img_data": "", "file_attributes": {}, "regions": {}}, "pitr_images150.JPG31605": {"fileref": "", "size": 31605, "filename": "pitr_images150.JPG", "base64_img_data": "", "file_attributes": {}, "regions": {}}, "pitr_images151.JPG23220": {"fileref": "", "size": 23220, "filename": "pitr_images151.JPG", "base64_img_data": "", "file_attributes": {}, "regions": {}}, "pitr_images152.JPG42014": {"fileref": "", "size": 42014, "filename": "pitr_images152.JPG", "base64_img_data": "", "file_attributes": {}, "regions": {}}, "pitr_images153.JPG55284": {"fileref": "", "size": 55284, "filename": "pitr_images153.JPG", "base64_img_data": "", "file_attributes": {}, "regions": {}}, "pitr_images154.JPG25960": {"fileref": "", "size": 25960, "filename": "pitr_images154.JPG", "base64_img_data": "", "file_attributes": {}, "regions": {}}, "pitr_images155.JPG31383": {"fileref": "", "size": 31383, "filename": "pitr_images155.JPG", "base64_img_data": "", "file_attributes": {}, "regions": {}}, "pitr_images156.JPG31390": {"fileref": "", "size": 31390, "filename": "pitr_images156.JPG", "base64_img_data": "", "file_attributes": {}, "regions": {}}, "pitr_images157.JPG79828": {"fileref": "", "size": 79828, "filename": "pitr_images157.JPG", "base64_img_data": "", "file_attributes": {}, "regions": {}}, "pitr_images158.JPG16745": {"fileref": "", "size": 16745, "filename": "pitr_images158.JPG", "base64_img_data": "", "file_attributes": {}, "regions": {"0": {"shape_attributes": {"name": "polygon", "all_points_x": [42, 40, 38, 29, 25, 21, 19, 24, 18, 19, 27, 29, 31, 38, 44, 42, 47, 52, 46, 46, 42], "all_points_y": [24, 23, 17, 15, 22, 23, 31, 36, 41, 51, 56, 67, 76, 79, 73, 65, 54, 49, 38, 32, 24]}, "region_attributes": {"person": "person"}}, "1": {"shape_attributes": {"name": "polygon", "all_points_x": [25, 22, 22, 18, 11, 4, 2, 1, 7, 9, 8, 19, 22, 27, 30, 33, 32, 26, 26, 25], "all_points_y": [132, 127, 119, 113, 111, 120, 138, 150, 160, 174, 187, 187, 177, 181, 168, 155, 152, 151, 140, 132]}, "region_attributes": {"person": "person"}}, "2": {"shape_attributes": {"name": "polygon", "all_points_x": [81, 82, 76, 68, 68, 70, 64, 59, 65, 68, 69, 71, 72, 85, 85, 92, 83, 92, 87, 81], "all_points_y": [64, 58, 54, 58, 66, 70, 76, 80, 88, 85, 96, 115, 125, 123, 111, 95, 85, 77, 66, 64]}, "region_attributes": {"person": "person"}}, "3": {"shape_attributes": {"name": "polygon", "all_points_x": [137, 131, 126, 126, 126, 132, 133, 131, 131, 149, 155, 149, 147, 146, 147, 142, 137], "all_points_y": [12, 13, 19, 26, 33, 37, 51, 72, 77, 74, 68, 63, 46, 33, 28, 19, 12]}, "region_attributes": {"person": "person"}}, "4": {"shape_attributes": {"name": "polygon", "all_points_x": [137, 138, 132, 131, 132, 122, 119, 120, 120, 120, 127, 131, 133, 139, 143, 149, 153, 139, 138, 152, 156, 137], "all_points_y": [133, 126, 126, 126, 116, 116, 129, 141, 160, 183, 184, 168, 163, 181, 185, 183, 170, 151, 143, 143, 132, 133]}, "region_attributes": {"person": "person"}}, "5": {"shape_attributes": {"name": "polygon", "all_points_x": [211, 217, 211, 208, 198, 194, 189, 192, 191, 195, 198, 198, 206, 211, 210, 211], "all_points_y": [87, 80, 62, 54, 53, 62, 80, 87, 94, 101, 112, 121, 125, 117, 103, 87]}, "region_attributes": {"person": "person"}}, "6": {"shape_attributes": {"name": "polygon", "all_points_x": [254, 254, 250, 242, 231, 227, 235, 240, 243, 245, 246, 243, 245, 255, 255, 262, 265, 256, 262, 254], "all_points_y": [27, 19, 18, 25, 23, 28, 46, 49, 59, 59, 71, 74, 77, 74, 58, 61, 51, 49, 40, 27]}, "region_attributes": {"person": "person"}}, "7": {"shape_attributes": {"name": "polygon", "all_points_x": [257, 258, 260, 256, 243, 235, 242, 238, 241, 230, 228, 240, 245, 247, 258, 261, 254, 257], "all_points_y": [149, 135, 124, 121, 119, 125, 131, 141, 151, 175, 181, 184, 173, 182, 183, 174, 159, 149]}, "region_attributes": {"person": "person"}}}}, "pitr_images159.JPG9981": {"fileref": "", "size": 9981, "filename": "pitr_images159.JPG", "base64_img_data": "", "file_attributes": {}, "regions": {"0": {"shape_attributes": {"name": "polygon", "all_points_x": [58, 45, 34, 31, 27, 32, 27, 20, 22, 14, 0, 2, 10, 29, 28, 29, 30, 17, 15, 76, 78, 62, 60, 65, 62, 65, 71, 81, 93, 97, 94, 70, 73, 58, 65, 63, 58], "all_points_y": [29, 24, 29, 35, 46, 56, 67, 72, 85, 91, 93, 116, 117, 98, 122, 142, 152, 154, 165, 163, 157, 149, 142, 142, 121, 96, 102, 115, 113, 102, 93, 80, 74, 58, 52, 40, 29]}, "region_attributes": {"person": "person"}}}}}