{"image0.JPG18188": {"fileref": "", "size": 18188, "filename": "image0.JPG", "base64_img_data": "", "file_attributes": {}, "regions": {}}, "image1.JPG24463": {"fileref": "", "size": 24463, "filename": "image1.JPG", "base64_img_data": "", "file_attributes": {}, "regions": {}}, "image2.JPG52089": {"fileref": "", "size": 52089, "filename": "image2.JPG", "base64_img_data": "", "file_attributes": {}, "regions": {}}, "image3.JPG19817": {"fileref": "", "size": 19817, "filename": "image3.JPG", "base64_img_data": "", "file_attributes": {}, "regions": {"0": {"shape_attributes": {"name": "polygon", "all_points_x": [60, 41, 35, 33, 47, 45, 33, 27, 33, 20, 27, 21, 29, 32, 37, 38, 49, 42, 46, 43, 50, 47, 47, 55, 53, 59, 74, 67, 78, 65, 68, 59, 66, 60], "all_points_y": [13, 10, 12, 18, 23, 27, 28, 34, 41, 39, 48, 55, 66, 71, 71, 56, 56, 48, 46, 39, 39, 41, 51, 53, 65, 65, 50, 46, 41, 37, 30, 30, 16, 13]}, "region_attributes": {"thunder": "thunder"}}}}, "image4.JPG29398": {"fileref": "", "size": 29398, "filename": "image4.JPG", "base64_img_data": "", "file_attributes": {}, "regions": {"0": {"shape_attributes": {"name": "polygon", "all_points_x": [49, 67, 76, 82, 79, 67, 72, 81, 84, 76, 85, 97, 108, 104, 93, 93, 84, 72, 76, 73, 58, 44, 35, 33, 37, 49], "all_points_y": [32, 30, 19, 21, 37, 46, 58, 66, 73, 77, 82, 85, 89, 98, 97, 105, 110, 110, 99, 92, 85, 78, 71, 50, 36, 32]}, "region_attributes": {"thunder": "thunder"}}}}, "image5.JPG52689": {"fileref": "", "size": 52689, "filename": "image5.JPG", "base64_img_data": "", "file_attributes": {}, "regions": {"0": {"shape_attributes": {"name": "polygon", "all_points_x": [136, 129, 109, 103, 101, 87, 98, 118, 123, 125, 122, 128, 124, 127, 117, 116, 127, 138, 140, 157, 163, 184, 168, 140, 139, 164, 160, 141, 136], "all_points_y": [25, 20, 16, 7, 5, 7, 23, 29, 36, 41, 46, 55, 66, 80, 91, 105, 107, 103, 96, 82, 77, 57, 57, 83, 64, 48, 36, 47, 25]}, "region_attributes": {"thunder": "thunder"}}}}, "image6.JPG37523": {"fileref": "", "size": 37523, "filename": "image6.JPG", "base64_img_data": "", "file_attributes": {}, "regions": {"0": {"shape_attributes": {"name": "polygon", "all_points_x": [20, 6, 10, 12, 3, 0, 0, 11, 17, 17, 17, 74, 67, 56, 71, 70, 83, 79, 72, 71, 74, 86, 90, 108, 104, 111, 105, 106, 115, 112, 129, 141, 134, 141, 150, 164, 173, 161, 162, 181, 178, 191, 184, 164, 170, 161, 139, 130, 119, 108, 103, 84, 76, 55, 20], "all_points_y": [4, 14, 37, 45, 60, 95, 113, 108, 122, 135, 144, 145, 128, 122, 103, 96, 98, 106, 119, 128, 140, 137, 144, 144, 135, 126, 108, 99, 101, 112, 130, 123, 94, 85, 75, 80, 99, 119, 144, 143, 129, 105, 68, 60, 46, 41, 56, 66, 44, 43, 28, 20, 6, 3, 4]}, "region_attributes": {"thunder": "thunder"}}, "1": {"shape_attributes": {"name": "polygon", "all_points_x": [99, 118, 134, 134, 144, 158, 147, 164, 172, 172, 175, 188, 202, 203, 195, 192, 191, 202, 216, 209, 217, 225, 228, 212, 221, 214, 172, 140, 99], "all_points_y": [2, 21, 32, 49, 50, 44, 19, 23, 37, 50, 57, 60, 54, 64, 74, 82, 98, 104, 101, 84, 68, 68, 56, 38, 27, 12, 7, 5, 2]}, "region_attributes": {"thunder": "thunder"}}}}, "image7.JPG39590": {"fileref": "", "size": 39590, "filename": "image7.JPG", "base64_img_data": "", "file_attributes": {}, "regions": {}}, "image8.JPG17877": {"fileref": "", "size": 17877, "filename": "image8.JPG", "base64_img_data": "", "file_attributes": {}, "regions": {"0": {"shape_attributes": {"name": "polygon", "all_points_x": [164, 140, 111, 109, 127, 109, 106, 109, 122, 101, 92, 89, 95, 103, 129, 118, 155, 154, 139, 159, 164], "all_points_y": [38, 29, 51, 63, 62, 85, 94, 101, 95, 130, 124, 133, 144, 149, 136, 130, 76, 69, 74, 52, 38]}, "region_attributes": {"thunder": "thunder"}}}}, "image9.JPG24536": {"fileref": "", "size": 24536, "filename": "image9.JPG", "base64_img_data": "", "file_attributes": {}, "regions": {"0": {"shape_attributes": {"name": "polygon", "all_points_x": [99, 76, 78, 84, 91, 99, 104, 109, 111, 102, 99], "all_points_y": [43, 43, 53, 63, 68, 72, 78, 80, 53, 55, 43]}, "region_attributes": {"thunder": "thunder"}}, "1": {"shape_attributes": {"name": "polygon", "all_points_x": [44, 61, 68, 69, 79, 84, 93, 92, 71, 63, 58, 52, 44], "all_points_y": [51, 49, 56, 62, 61, 69, 75, 91, 78, 80, 70, 73, 51]}, "region_attributes": {"thunder": "thunder"}}}}, "image10.JPG39516": {"fileref": "", "size": 39516, "filename": "image10.JPG", "base64_img_data": "", "file_attributes": {}, "regions": {"0": {"shape_attributes": {"name": "polygon", "all_points_x": [113, 97, 83, 76, 71, 64, 49, 40, 37, 28, 29, 47, 47, 47, 50, 45, 51, 40, 43, 37, 54, 61, 71, 77, 79, 92, 99, 94, 86, 65, 75, 63, 65, 56, 54, 56, 68, 78, 88, 97, 113], "all_points_y": [23, 23, 33, 38, 46, 53, 48, 56, 60, 64, 78, 71, 83, 90, 96, 108, 114, 124, 141, 149, 149, 124, 128, 126, 138, 147, 140, 128, 107, 101, 90, 77, 69, 62, 62, 60, 64, 57, 46, 39, 23]}, "region_attributes": {"thunder": "thunder"}}}}, "image11.JPG49162": {"fileref": "", "size": 49162, "filename": "image11.JPG", "base64_img_data": "", "file_attributes": {}, "regions": {"0": {"shape_attributes": {"name": "polygon", "all_points_x": [36, 42, 37, 26, 27, 20, 17, 22, 33, 44, 49, 51, 63, 63, 51, 40, 33, 36], "all_points_y": [22, 9, 2, 4, 12, 21, 39, 50, 46, 50, 55, 41, 37, 24, 26, 36, 30, 22]}, "region_attributes": {"thunder": "thunder"}}, "1": {"shape_attributes": {"name": "polygon", "all_points_x": [176, 183, 186, 186, 173, 170, 175, 168, 160, 150, 159, 163, 195, 200, 210, 217, 209, 198, 193, 176], "all_points_y": [1, 13, 21, 37, 50, 27, 18, 7, 8, 38, 56, 60, 60, 53, 59, 47, 25, 20, 2, 1]}, "region_attributes": {"thunder": "thunder"}}, "2": {"shape_attributes": {"name": "polygon", "all_points_x": [323, 316, 310, 304, 313, 299, 307, 308, 321, 317, 325, 323], "all_points_y": [82, 78, 74, 85, 91, 100, 112, 119, 119, 104, 92, 82]}, "region_attributes": {"thunder": "thunder"}}}}, "image12.JPG30197": {"fileref": "", "size": 30197, "filename": "image12.JPG", "base64_img_data": "", "file_attributes": {}, "regions": {"0": {"shape_attributes": {"name": "polygon", "all_points_x": [125, 129, 116, 105, 101, 89, 82, 76, 81, 93, 96, 108, 111, 116, 119, 121, 134, 134, 137, 130, 125], "all_points_y": [45, 34, 34, 44, 53, 59, 67, 77, 87, 79, 90, 89, 77, 65, 84, 87, 84, 65, 52, 50, 45]}, "region_attributes": {"thunder": "thunder"}}}}, "image13.JPG25092": {"fileref": "", "size": 25092, "filename": "image13.JPG", "base64_img_data": "", "file_attributes": {}, "regions": {"0": {"shape_attributes": {"name": "polygon", "all_points_x": [150, 145, 129, 131, 133, 140, 141, 146, 157, 150], "all_points_y": [105, 101, 99, 114, 124, 133, 138, 135, 108, 105]}, "region_attributes": {"thunder": "thunder"}}, "1": {"shape_attributes": {"name": "polygon", "all_points_x": [97, 83, 90, 86, 112, 122, 116, 123, 97], "all_points_y": [98, 115, 121, 128, 155, 156, 135, 130, 98]}, "region_attributes": {"thunder": "thunder"}}, "2": {"shape_attributes": {"name": "polygon", "all_points_x": [63, 52, 56, 48, 49, 79, 80, 73, 63], "all_points_y": [95, 115, 116, 139, 146, 121, 110, 112, 95]}, "region_attributes": {"thunder": "thunder"}}}}, "image14.JPG56251": {"fileref": "", "size": 56251, "filename": "image14.JPG", "base64_img_data": "", "file_attributes": {}, "regions": {"0": {"shape_attributes": {"name": "polygon", "all_points_x": [129, 132, 138, 114, 107, 93, 97, 58, 63, 83, 77, 49, 48, 68, 70, 56, 31, 29, 74, 93, 102, 115, 132, 157, 118, 151, 157, 129], "all_points_y": [32, 16, 2, 2, 22, 28, 14, 25, 41, 55, 73, 69, 79, 85, 92, 94, 145, 171, 172, 148, 153, 128, 135, 89, 60, 57, 36, 32]}, "region_attributes": {"thunder": "thunder"}}}}, "image15.JPG39395": {"fileref": "", "size": 39395, "filename": "image15.JPG", "base64_img_data": "", "file_attributes": {}, "regions": {"0": {"shape_attributes": {"name": "polygon", "all_points_x": [228, 208, 207, 169, 151, 156, 180, 204, 200, 174, 134, 99, 77, 81, 95, 106, 114, 132, 150, 163, 177, 203, 243, 266, 273, 261, 255, 236, 193, 181, 190, 206, 208, 206, 227, 228], "all_points_y": [2, 5, 8, 14, 32, 50, 32, 24, 36, 54, 57, 57, 85, 114, 115, 103, 87, 110, 121, 128, 122, 132, 135, 125, 105, 93, 100, 115, 109, 86, 78, 86, 61, 55, 40, 2]}, "region_attributes": {"thunder": "thunder"}}}}, "image16.JPG13869": {"fileref": "", "size": 13869, "filename": "image16.JPG", "base64_img_data": "", "file_attributes": {}, "regions": {"0": {"shape_attributes": {"name": "polygon", "all_points_x": [133, 83, 64, 63, 72, 69, 83, 122, 108, 133], "all_points_y": [39, 43, 83, 105, 107, 142, 154, 91, 76, 39]}, "region_attributes": {"thunder": "thunder"}}}}, "image17.JPG63230": {"fileref": "", "size": 63230, "filename": "image17.JPG", "base64_img_data": "", "file_attributes": {}, "regions": {}}, "image18.JPG74684": {"fileref": "", "size": 74684, "filename": "image18.JPG", "base64_img_data": "", "file_attributes": {}, "regions": {}}, "image19.JPG31030": {"fileref": "", "size": 31030, "filename": "image19.JPG", "base64_img_data": "", "file_attributes": {}, "regions": {}}, "image20.JPG75687": {"fileref": "", "size": 75687, "filename": "image20.JPG", "base64_img_data": "", "file_attributes": {}, "regions": {}}, "image21.JPG13377": {"fileref": "", "size": 13377, "filename": "image21.JPG", "base64_img_data": "", "file_attributes": {}, "regions": {"0": {"shape_attributes": {"name": "polygon", "all_points_x": [88, 64, 60, 45, 39, 44, 68, 79, 66, 56, 51, 64, 83, 104, 108, 108, 105, 119, 168, 178, 157, 143, 148, 133, 131, 118, 97, 86, 100, 104, 88], "all_points_y": [46, 50, 38, 41, 55, 66, 68, 73, 92, 112, 135, 153, 164, 156, 165, 180, 201, 219, 221, 204, 189, 192, 171, 158, 124, 123, 133, 105, 75, 61, 46]}, "region_attributes": {"thunder": "thunder"}}}}, "image22.JPG59443": {"fileref": "", "size": 59443, "filename": "image22.JPG", "base64_img_data": "", "file_attributes": {}, "regions": {}}, "image23.JPG77026": {"fileref": "", "size": 77026, "filename": "image23.JPG", "base64_img_data": "", "file_attributes": {}, "regions": {}}, "image24.JPG82202": {"fileref": "", "size": 82202, "filename": "image24.JPG", "base64_img_data": "", "file_attributes": {}, "regions": {}}, "image25.JPG48557": {"fileref": "", "size": 48557, "filename": "image25.JPG", "base64_img_data": "", "file_attributes": {}, "regions": {"0": {"shape_attributes": {"name": "polygon", "all_points_x": [60, 88, 106, 117, 122, 158, 182, 200, 235, 261, 268, 265, 240, 174, 103, 92, 83, 75, 91, 93, 74, 78, 65, 50, 54, 67, 62, 53, 60], "all_points_y": [39, 39, 50, 68, 77, 78, 73, 81, 81, 78, 86, 108, 98, 95, 91, 77, 96, 123, 140, 168, 173, 151, 136, 124, 104, 91, 78, 63, 39]}, "region_attributes": {"thunder": "thunder"}}}}, "image26.JPG53487": {"fileref": "", "size": 53487, "filename": "image26.JPG", "base64_img_data": "", "file_attributes": {}, "regions": {}}, "image27.JPG52732": {"fileref": "", "size": 52732, "filename": "image27.JPG", "base64_img_data": "", "file_attributes": {}, "regions": {"0": {"shape_attributes": {"name": "polygon", "all_points_x": [150, 135, 131, 152, 161, 161, 157, 157, 150, 144, 141, 141, 164, 170, 176, 184, 193, 188, 200, 187, 176, 172, 150], "all_points_y": [32, 37, 46, 59, 68, 91, 98, 108, 118, 127, 139, 145, 145, 129, 118, 127, 116, 108, 91, 83, 57, 47, 32]}, "region_attributes": {"thunder": "thunder"}}}}, "image28.JPG25221": {"fileref": "", "size": 25221, "filename": "image28.JPG", "base64_img_data": "", "file_attributes": {}, "regions": {}}, "image29.JPG27957": {"fileref": "", "size": 27957, "filename": "image29.JPG", "base64_img_data": "", "file_attributes": {}, "regions": {}}, "image30.JPG41569": {"fileref": "", "size": 41569, "filename": "image30.JPG", "base64_img_data": "", "file_attributes": {}, "regions": {}}, "image31.JPG63312": {"fileref": "", "size": 63312, "filename": "image31.JPG", "base64_img_data": "", "file_attributes": {}, "regions": {"0": {"shape_attributes": {"name": "polygon", "all_points_x": [125, 113, 109, 97, 86, 96, 113, 114, 124, 132, 141, 133, 141, 140, 125], "all_points_y": [2, 20, 39, 57, 68, 80, 82, 64, 55, 63, 49, 36, 20, 5, 2]}, "region_attributes": {"thunder": "thunder"}}, "1": {"shape_attributes": {"name": "polygon", "all_points_x": [145, 146, 153, 161, 168, 186, 193, 180, 173, 156, 156, 145], "all_points_y": [3, 18, 33, 39, 71, 76, 59, 56, 28, 12, 3, 3]}, "region_attributes": {"thunder": "thunder"}}, "2": {"shape_attributes": {"name": "polygon", "all_points_x": [182, 183, 190, 195, 211, 221, 225, 211, 211, 198, 182], "all_points_y": [5, 16, 22, 37, 60, 66, 38, 23, 15, 5, 5]}, "region_attributes": {"thunder": "thunder"}}}}, "image32.JPG44007": {"fileref": "", "size": 44007, "filename": "image32.JPG", "base64_img_data": "", "file_attributes": {}, "regions": {"0": {"shape_attributes": {"name": "polygon", "all_points_x": [105, 89, 82, 83, 90, 86, 97, 108, 101, 105], "all_points_y": [32, 27, 43, 47, 49, 60, 56, 43, 39, 32]}, "region_attributes": {"thunder": "thunder"}}}}, "image33.JPG38367": {"fileref": "", "size": 38367, "filename": "image33.JPG", "base64_img_data": "", "file_attributes": {}, "regions": {"0": {"shape_attributes": {"name": "polygon", "all_points_x": [129, 119, 120, 111, 92, 94, 99, 104, 125, 129], "all_points_y": [86, 81, 77, 74, 78, 87, 88, 94, 91, 86]}, "region_attributes": {"thunder": "thunder"}}}}, "image34.JPG60164": {"fileref": "", "size": 60164, "filename": "image34.JPG", "base64_img_data": "", "file_attributes": {}, "regions": {}}, "image35.JPG74691": {"fileref": "", "size": 74691, "filename": "image35.JPG", "base64_img_data": "", "file_attributes": {}, "regions": {}}, "image36.JPG50963": {"fileref": "", "size": 50963, "filename": "image36.JPG", "base64_img_data": "", "file_attributes": {}, "regions": {}}, "image37.JPG21480": {"fileref": "", "size": 21480, "filename": "image37.JPG", "base64_img_data": "", "file_attributes": {}, "regions": {}}, "image38.JPG37588": {"fileref": "", "size": 37588, "filename": "image38.JPG", "base64_img_data": "", "file_attributes": {}, "regions": {}}, "image39.JPG53937": {"fileref": "", "size": 53937, "filename": "image39.JPG", "base64_img_data": "", "file_attributes": {}, "regions": {}}, "image40.JPG29099": {"fileref": "", "size": 29099, "filename": "image40.JPG", "base64_img_data": "", "file_attributes": {}, "regions": {"0": {"shape_attributes": {"name": "polygon", "all_points_x": [151, 123, 117, 118, 125, 121, 124, 116, 112, 117, 140, 152, 145, 156, 151], "all_points_y": [7, 10, 22, 30, 32, 41, 43, 55, 66, 72, 47, 33, 27, 16, 7]}, "region_attributes": {"thunder": "thunder"}}}}, "image41.JPG74994": {"fileref": "", "size": 74994, "filename": "image41.JPG", "base64_img_data": "", "file_attributes": {}, "regions": {}}, "image42.JPG22546": {"fileref": "", "size": 22546, "filename": "image42.JPG", "base64_img_data": "", "file_attributes": {}, "regions": {}}, "image43.JPG44499": {"fileref": "", "size": 44499, "filename": "image43.JPG", "base64_img_data": "", "file_attributes": {}, "regions": {}}, "image44.JPG19450": {"fileref": "", "size": 19450, "filename": "image44.JPG", "base64_img_data": "", "file_attributes": {}, "regions": {}}, "image45.JPG32149": {"fileref": "", "size": 32149, "filename": "image45.JPG", "base64_img_data": "", "file_attributes": {}, "regions": {"0": {"shape_attributes": {"name": "polygon", "all_points_x": [46, 56, 51, 43, 20, 6, 16, 15, 25, 43, 52, 46], "all_points_y": [39, 26, 23, 20, 21, 52, 52, 69, 73, 60, 46, 39]}, "region_attributes": {"thunder": "thunder"}}, "1": {"shape_attributes": {"name": "polygon", "all_points_x": [80, 88, 81, 69, 57, 55, 62, 51, 54, 92, 93, 80], "all_points_y": [37, 20, 14, 24, 39, 48, 52, 70, 80, 44, 36, 37]}, "region_attributes": {"thunder": "thunder"}}, "2": {"shape_attributes": {"name": "polygon", "all_points_x": [113, 121, 116, 122, 115, 106, 97, 89, 95, 98, 98, 113], "all_points_y": [19, 23, 31, 37, 52, 66, 73, 78, 52, 43, 32, 19]}, "region_attributes": {"thunder": "thunder"}}, "3": {"shape_attributes": {"name": "polygon", "all_points_x": [134, 155, 152, 154, 153, 154, 129, 121, 125, 126, 134], "all_points_y": [16, 18, 34, 42, 44, 54, 76, 62, 44, 27, 16]}, "region_attributes": {"thunder": "thunder"}}, "4": {"shape_attributes": {"name": "polygon", "all_points_x": [39, 22, 22, 17, 20, 33, 47, 46, 51, 44, 45, 39], "all_points_y": [74, 93, 99, 113, 122, 122, 107, 101, 89, 87, 76, 74]}, "region_attributes": {"thunder": "thunder"}}, "5": {"shape_attributes": {"name": "polygon", "all_points_x": [68, 81, 83, 83, 80, 69, 64, 56, 58, 56, 59, 68], "all_points_y": [73, 76, 85, 93, 105, 119, 124, 124, 111, 103, 93, 73]}, "region_attributes": {"thunder": "thunder"}}, "6": {"shape_attributes": {"name": "polygon", "all_points_x": [101, 119, 116, 122, 104, 95, 97, 87, 101], "all_points_y": [75, 77, 92, 101, 119, 123, 107, 99, 75]}, "region_attributes": {"thunder": "thunder"}}, "7": {"shape_attributes": {"name": "polygon", "all_points_x": [131, 152, 156, 153, 155, 154, 136, 126, 124, 127, 126, 131], "all_points_y": [78, 78, 84, 89, 96, 103, 120, 123, 114, 108, 96, 78]}, "region_attributes": {"thunder": "thunder"}}, "8": {"shape_attributes": {"name": "polygon", "all_points_x": [23, 44, 46, 42, 47, 44, 33, 14, 19, 15, 24, 23], "all_points_y": [123, 121, 126, 133, 137, 148, 167, 171, 155, 146, 132, 123]}, "region_attributes": {"thunder": "thunder"}}, "9": {"shape_attributes": {"name": "polygon", "all_points_x": [76, 52, 61, 55, 56, 69, 93, 83, 84, 76], "all_points_y": [115, 150, 154, 164, 172, 165, 135, 132, 119, 115]}, "region_attributes": {"thunder": "thunder"}}, "10": {"shape_attributes": {"name": "polygon", "all_points_x": [116, 111, 97, 94, 97, 93, 90, 90, 93, 117, 117, 120, 117, 122, 116], "all_points_y": [119, 117, 128, 135, 142, 155, 164, 164, 168, 155, 143, 137, 130, 122, 119]}, "region_attributes": {"thunder": "thunder"}}, "11": {"shape_attributes": {"name": "polygon", "all_points_x": [132, 152, 155, 153, 156, 138, 127, 120, 125, 124, 132], "all_points_y": [122, 121, 126, 134, 146, 165, 167, 162, 146, 135, 122]}, "region_attributes": {"thunder": "thunder"}}}}, "image46.JPG71817": {"fileref": "", "size": 71817, "filename": "image46.JPG", "base64_img_data": "", "file_attributes": {}, "regions": {}}, "image47.JPG19970": {"fileref": "", "size": 19970, "filename": "image47.JPG", "base64_img_data": "", "file_attributes": {}, "regions": {}}, "image48.JPG30072": {"fileref": "", "size": 30072, "filename": "image48.JPG", "base64_img_data": "", "file_attributes": {}, "regions": {}}, "image49.JPG73270": {"fileref": "", "size": 73270, "filename": "image49.JPG", "base64_img_data": "", "file_attributes": {}, "regions": {}}, "image50.JPG63486": {"fileref": "", "size": 63486, "filename": "image50.JPG", "base64_img_data": "", "file_attributes": {}, "regions": {"0": {"shape_attributes": {"name": "polygon", "all_points_x": [11, 26, 35, 42, 44, 57, 52, 49, 67, 74, 81, 92, 98, 94, 101, 103, 104, 99, 85, 86, 83, 72, 61, 56, 38, 31, 29, 19, 13, 11], "all_points_y": [3, 3, 8, 9, 18, 18, 9, 3, 2, 12, 3, 3, 4, 19, 30, 37, 47, 54, 51, 38, 34, 40, 40, 32, 36, 29, 20, 17, 9, 3]}, "region_attributes": {"thunder": "thunder"}}, "1": {"shape_attributes": {"name": "polygon", "all_points_x": [11, 31, 32, 31, 33, 40, 46, 58, 61, 60, 43, 31, 31, 37, 38, 22, 21, 19, 17, 10, 11, 19, 17, 12, 11], "all_points_y": [28, 41, 56, 63, 72, 71, 71, 79, 86, 92, 85, 88, 94, 98, 101, 95, 79, 67, 59, 54, 47, 50, 45, 42, 28]}, "region_attributes": {"thunder": "thunder"}}, "2": {"shape_attributes": {"name": "polygon", "all_points_x": [11, 16, 17, 19, 28, 40, 42, 43, 56, 55, 32, 30, 21, 12, 10, 15, 10, 11], "all_points_y": [65, 72, 76, 99, 101, 104, 119, 124, 136, 147, 130, 110, 108, 119, 106, 97, 75, 65]}, "region_attributes": {"thunder": "thunder"}}, "3": {"shape_attributes": {"name": "polygon", "all_points_x": [113, 135, 140, 142, 152, 154, 154, 163, 164, 157, 154, 149, 138, 132, 132, 122, 122, 136, 129, 117, 116, 113], "all_points_y": [2, 3, 11, 19, 17, 5, 3, 3, 12, 21, 30, 36, 43, 45, 57, 49, 37, 22, 13, 11, 10, 2]}, "region_attributes": {"thunder": "thunder"}}, "4": {"shape_attributes": {"name": "polygon", "all_points_x": [150, 161, 166, 161, 160, 166, 167, 177, 175, 172, 175, 182, 186, 185, 175, 172, 166, 160, 147, 150], "all_points_y": [54, 46, 36, 22, 20, 8, 2, 2, 9, 19, 30, 30, 29, 46, 44, 53, 62, 64, 70, 54]}, "region_attributes": {"thunder": "thunder"}}, "5": {"shape_attributes": {"name": "polygon", "all_points_x": [153, 159, 170, 177, 179, 187, 186, 183, 186, 186, 178, 168, 157, 150, 153], "all_points_y": [125, 119, 110, 93, 74, 65, 105, 108, 111, 123, 117, 126, 140, 138, 125]}, "region_attributes": {"thunder": "thunder"}}}}, "image51.JPG65894": {"fileref": "", "size": 65894, "filename": "image51.JPG", "base64_img_data": "", "file_attributes": {}, "regions": {"0": {"shape_attributes": {"name": "polygon", "all_points_x": [73, 95, 106, 111, 116, 116, 126, 120, 132, 151, 163, 175, 189, 177, 161, 159, 186, 199, 207, 218, 225, 241, 261, 260, 257, 242, 222, 213, 206, 203, 213, 225, 227, 222, 207, 205, 187, 182, 182, 168, 167, 152, 138, 122, 95, 81, 99, 101, 92, 82, 73], "all_points_y": [5, 7, 6, 12, 17, 28, 36, 49, 55, 53, 59, 59, 51, 42, 37, 24, 28, 40, 28, 28, 40, 42, 36, 56, 68, 63, 64, 54, 56, 67, 76, 72, 102, 111, 94, 86, 72, 75, 100, 100, 83, 90, 78, 66, 60, 44, 32, 24, 18, 15, 5]}, "region_attributes": {"thunder": "thunder"}}}}, "image52.JPG28798": {"fileref": "", "size": 28798, "filename": "image52.JPG", "base64_img_data": "", "file_attributes": {}, "regions": {}}, "image53.JPG47457": {"fileref": "", "size": 47457, "filename": "image53.JPG", "base64_img_data": "", "file_attributes": {}, "regions": {"0": {"shape_attributes": {"name": "polygon", "all_points_x": [84, 99, 97, 92, 88, 101, 108, 108, 113, 125, 157, 168, 182, 179, 164, 148, 150, 169, 179, 195, 204, 195, 191, 191, 202, 220, 236, 243, 253, 247, 233, 219, 232, 239, 230, 213, 200, 182, 172, 175, 174, 157, 128, 107, 95, 87, 79, 76, 84, 80, 90, 84, 73, 62, 48, 44, 59, 53, 42, 40, 42, 17, 19, 10, 3, 26, 29, 35, 54, 51, 53, 74, 84], "all_points_y": [6, 5, 15, 22, 31, 33, 46, 58, 67, 81, 72, 62, 48, 38, 31, 11, 9, 10, 17, 26, 42, 56, 68, 81, 87, 84, 83, 85, 106, 119, 102, 104, 117, 124, 136, 142, 150, 138, 130, 116, 94, 88, 94, 98, 71, 49, 50, 64, 74, 84, 93, 111, 111, 102, 105, 118, 133, 147, 136, 139, 163, 165, 151, 163, 138, 125, 96, 86, 82, 56, 38, 24, 6]}, "region_attributes": {"thunder": "thunder"}}}}, "image54.JPG49918": {"fileref": "", "size": 49918, "filename": "image54.JPG", "base64_img_data": "", "file_attributes": {}, "regions": {}}, "image55.JPG46370": {"fileref": "", "size": 46370, "filename": "image55.JPG", "base64_img_data": "", "file_attributes": {}, "regions": {}}, "image56.JPG52586": {"fileref": "", "size": 52586, "filename": "image56.JPG", "base64_img_data": "", "file_attributes": {}, "regions": {"0": {"shape_attributes": {"name": "polygon", "all_points_x": [220, 192, 193, 170, 168, 159, 157, 146, 143, 148, 141, 137, 147, 152, 164, 167, 168, 161, 168, 179, 179, 184, 190, 194, 203, 197, 189, 180, 190, 207, 209, 196, 207, 213, 216, 223, 225, 232, 230, 220, 214, 216, 221, 239, 244, 246, 257, 258, 262, 266, 271, 279, 284, 280, 271, 272, 257, 262, 237, 239, 214, 220], "all_points_y": [4, 3, 19, 16, 33, 29, 49, 52, 70, 76, 103, 120, 129, 122, 63, 65, 81, 88, 112, 132, 102, 93, 125, 136, 125, 73, 66, 51, 33, 34, 42, 44, 102, 108, 71, 74, 49, 52, 77, 79, 152, 163, 166, 101, 99, 76, 73, 102, 111, 107, 129, 132, 122, 76, 78, 49, 50, 17, 23, 13, 12, 4]}, "region_attributes": {"thunder": "thunder"}}}}, "image57.JPG71013": {"fileref": "", "size": 71013, "filename": "image57.JPG", "base64_img_data": "", "file_attributes": {}, "regions": {"0": {"shape_attributes": {"name": "polygon", "all_points_x": [34, 19, 15, 10, 12, 17, 22, 24, 26, 34, 39, 37, 33, 38, 34], "all_points_y": [64, 67, 83, 92, 111, 119, 134, 157, 172, 173, 160, 120, 100, 78, 64]}, "region_attributes": {"thunder": "thunder"}}, "1": {"shape_attributes": {"name": "polygon", "all_points_x": [54, 44, 45, 49, 44, 47, 45, 40, 40, 45, 56, 63, 56, 60, 70, 71, 54], "all_points_y": [66, 70, 80, 88, 101, 116, 131, 140, 161, 171, 170, 141, 125, 107, 90, 78, 66]}, "region_attributes": {"thunder": "thunder"}}, "2": {"shape_attributes": {"name": "polygon", "all_points_x": [109, 125, 127, 117, 105, 93, 94, 97, 93, 92, 70, 67, 72, 70, 67, 79, 79, 82, 88, 100, 109], "all_points_y": [49, 49, 63, 75, 88, 107, 125, 147, 159, 166, 168, 160, 134, 122, 113, 97, 88, 79, 69, 72, 49]}, "region_attributes": {"thunder": "thunder"}}, "3": {"shape_attributes": {"name": "polygon", "all_points_x": [180, 196, 195, 202, 219, 235, 244, 234, 242, 250, 264, 273, 271, 266, 255, 246, 243, 251, 237, 228, 222, 214, 220, 212, 198, 184, 191, 189, 189, 176, 179, 175, 166, 152, 145, 140, 116, 119, 109, 104, 116, 120, 127, 141, 159, 175, 176, 180], "all_points_y": [45, 46, 60, 59, 47, 52, 58, 74, 81, 87, 74, 80, 99, 113, 141, 143, 129, 107, 123, 137, 151, 140, 89, 72, 74, 90, 132, 162, 170, 168, 129, 103, 123, 144, 152, 164, 167, 134, 108, 98, 86, 84, 81, 77, 71, 68, 58, 45]}, "region_attributes": {"thunder": "thunder"}}}}, "image58.JPG49169": {"fileref": "", "size": 49169, "filename": "image58.JPG", "base64_img_data": "", "file_attributes": {}, "regions": {}}, "image59.JPG28652": {"fileref": "", "size": 28652, "filename": "image59.JPG", "base64_img_data": "", "file_attributes": {}, "regions": {}}}